QuestionID,Class,Subject,Topic,Question,OptionA,OptionB,OptionC,OptionD,CorrectAnswer,Explanation,Difficulty,Source,Active
SPT001,6,Sports,Indian Sportspersons,Neeraj Chopra: Which sport is Neeraj Chopra associated with?,Javelin throw,Swimming,Boxing,Hockey,A,Neeraj Chopra is a javelin throw athlete.,Easy,RMS/Sainik School GK,TRUE
SPT002,6,Sports,Indian Sportspersons,P. V. Sindhu: P. V. Sindhu is famous in which sport?,Badminton,Tennis,Hockey,Archery,A,P. V. Sindhu is a leading Indian badminton player.,Easy,RMS/Sainik School GK,TRUE
SPT003,6,Sports,Indian Sportspersons,Sachin Tendulkar: Sachin Tendulkar is associated with which sport?,Cricket,Football,Tennis,Golf,A,Sachin Tendulkar is a famous Indian cricketer.,Easy,RMS/Sainik School GK,TRUE
SPT004,6,Sports,Indian Sportspersons,Dhyan Chand: Major Dhyan Chand was famous for which sport?,Hockey,Cricket,Wrestling,Boxing,A,Dhyan Chand was one of India's greatest hockey players.,Easy,RMS/Sainik School GK,TRUE
SPT005,6,Sports,Indian Sportspersons,Viswanathan Anand: Viswanathan Anand is associated with which game?,Chess,Cricket,Badminton,Football,A,Viswanathan Anand is a famous Indian chess grandmaster.,Easy,RMS/Sainik School GK,TRUE
SPT006,6,Sports,Indian Sportspersons,Sania Mirza: Sania Mirza is associated with which sport?,Tennis,Hockey,Athletics,Archery,A,Sania Mirza is a famous Indian tennis player.,Easy,RMS/Sainik School GK,TRUE
SPT007,6,Sports,Indian Sportspersons,Mary Kom: Mary Kom is famous for which sport?,Boxing,Swimming,Tennis,Golf,A,Mary Kom is a celebrated Indian boxer.,Easy,RMS/Sainik School GK,TRUE
SPT008,6,Sports,Indian Sportspersons,Abhinav Bindra: Abhinav Bindra won an Olympic gold medal in which sport?,Shooting,Boxing,Hockey,Wrestling,A,Abhinav Bindra won Olympic gold in 10 m air rifle shooting.,Moderate,RMS/Sainik School GK,TRUE
SPT009,6,Sports,Indian Sportspersons,Sushil Kumar: Sushil Kumar is associated with which sport?,Wrestling,Badminton,Football,Swimming,A,Sushil Kumar is an Indian Olympic wrestler.,Easy,RMS/Sainik School GK,TRUE
SPT010,6,Sports,Indian Sportspersons,Hima Das: Hima Das is associated mainly with which sport?,Athletics,Cricket,Tennis,Hockey,A,Hima Das is an Indian sprinter.,Easy,RMS/Sainik School GK,TRUE
SPT011,6,Sports,Indian Sportspersons,Dipa Karmakar: Dipa Karmakar is associated with which sport?,Gymnastics,Badminton,Boxing,Shooting,A,Dipa Karmakar is an Indian artistic gymnast.,Easy,RMS/Sainik School GK,TRUE
SPT012,6,Sports,Indian Sportspersons,Mirabai Chanu: Mirabai Chanu is famous for which sport?,Weightlifting,Tennis,Hockey,Archery,A,Mirabai Chanu is an Indian weightlifter.,Easy,RMS/Sainik School GK,TRUE
SPT013,6,Sports,Indian Sportspersons,Lovlina Borgohain: Lovlina Borgohain is associated with which sport?,Boxing,Swimming,Golf,Chess,A,Lovlina Borgohain is an Indian boxer.,Easy,RMS/Sainik School GK,TRUE
SPT014,6,Sports,Indian Sportspersons,Manu Bhaker: Manu Bhaker is associated with which sport?,Shooting,Wrestling,Football,Badminton,A,Manu Bhaker is an Indian sport shooter.,Easy,RMS/Sainik School GK,TRUE
SPT015,6,Sports,Indian Sportspersons,Rohit Sharma: Rohit Sharma is associated with which sport?,Cricket,Tennis,Football,Hockey,A,Rohit Sharma is an Indian cricketer.,Easy,RMS/Sainik School GK,TRUE
SPT016,6,Sports,Indian Sportspersons,M. S. Dhoni: M. S. Dhoni is associated with which sport?,Cricket,Golf,Boxing,Athletics,A,M. S. Dhoni is a famous Indian cricketer and wicketkeeper.,Easy,RMS/Sainik School GK,TRUE
SPT017,6,Sports,Indian Sportspersons,Kapil Dev: Kapil Dev is associated with which sport?,Cricket,Football,Hockey,Tennis,A,Kapil Dev is a famous Indian cricketer.,Easy,RMS/Sainik School GK,TRUE
SPT018,6,Sports,Indian Sportspersons,Leander Paes: Leander Paes is associated with which sport?,Tennis,Cricket,Hockey,Swimming,A,Leander Paes is a famous Indian tennis player.,Easy,RMS/Sainik School GK,TRUE
SPT019,6,Sports,Indian Sportspersons,Pankaj Advani: Pankaj Advani is associated with which cue sport?,Billiards,Football,Hockey,Wrestling,A,Pankaj Advani is a famous Indian billiards and snooker player.,Moderate,RMS/Sainik School GK,TRUE
SPT020,6,Sports,Indian Sportspersons,Bajrang Punia: Bajrang Punia is associated with which sport?,Wrestling,Tennis,Swimming,Shooting,A,Bajrang Punia is an Indian freestyle wrestler.,Easy,RMS/Sainik School GK,TRUE
SPT021,6,Sports,Cricket,Which equipment is used to hit the ball in cricket?,Bat,Racket,Cue,Club,A,A cricket bat is used to hit the ball.,Easy,RMS/Sainik School GK,TRUE
SPT022,6,Sports,Badminton,Which equipment is used to hit a shuttlecock?,Racket,Bat,Cue,Glove,A,A badminton racket is used to hit the shuttlecock.,Easy,RMS/Sainik School GK,TRUE
SPT023,6,Sports,Tennis,Which equipment is used to hit a tennis ball?,Racket,Bat,Stick,Bow,A,A tennis racket is used to hit the ball.,Easy,RMS/Sainik School GK,TRUE
SPT024,6,Sports,Golf,Which equipment is used to strike a golf ball?,Club,Bat,Racket,Cue,A,A golf club is used to strike the ball.,Easy,RMS/Sainik School GK,TRUE
SPT025,6,Sports,Hockey,Which equipment is used to control a hockey ball?,Stick,Bat,Racket,Cue,A,A hockey stick is used to control and hit the ball.,Easy,RMS/Sainik School GK,TRUE
SPT026,6,Sports,General Sports,Which equipment is used to strike balls in billiards?,Cue,Bat,Racket,Stick,A,A cue is used in billiards.,Easy,RMS/Sainik School GK,TRUE
SPT027,6,Sports,General Sports,Which equipment is used to shoot arrows?,Bow,Bat,Club,Racket,A,An archer uses a bow to shoot arrows.,Easy,RMS/Sainik School GK,TRUE
SPT028,6,Sports,General Sports,Which equipment protects a boxer's hands?,Gloves,Helmet,Shin guards,Racket,A,Boxing gloves protect the hands.,Easy,RMS/Sainik School GK,TRUE
SPT029,6,Sports,Cricket,Which equipment protects a cricket batter's head?,Helmet,Racket,Cue,Skates,A,A cricket helmet protects the batter's head.,Easy,RMS/Sainik School GK,TRUE
SPT030,6,Sports,Football,Which equipment is commonly worn to protect a football goalkeeper's hands?,Goalkeeping gloves,Batting gloves,Boxing gloves,Cycling gloves,A,Goalkeepers commonly wear gloves for grip and protection.,Moderate,RMS/Sainik School GK,TRUE
SPT031,6,Sports,General Sports,What is used to hit the ball in table tennis?,Paddle,Bat,Club,Cue,A,A table-tennis paddle is used to hit the ball.,Easy,RMS/Sainik School GK,TRUE
SPT032,6,Sports,General Sports,What is used to hit the ball in baseball?,Bat,Racket,Stick,Cue,A,A baseball bat is used to hit the ball.,Easy,RMS/Sainik School GK,TRUE
SPT033,6,Sports,Cricket,What is used to protect a cricket batter's legs?,Pads,Skates,Gloves,Belt,A,Batting pads protect the legs.,Easy,RMS/Sainik School GK,TRUE
SPT034,6,Sports,Football,What is used to protect a football player's shins?,Shin guards,Batting pads,Knee pads only,Boxing gloves,A,Shin guards protect the lower legs.,Easy,RMS/Sainik School GK,TRUE
SPT035,6,Sports,General Sports,Which item helps a swimmer see clearly underwater?,Goggles,Helmet,Bat,Gloves,A,Swimming goggles help protect the eyes and improve underwater vision.,Easy,RMS/Sainik School GK,TRUE
SPT036,6,Sports,Cricket,How many players are there in a cricket team?,11,7,9,15,A,A cricket team has 11 players.,Easy,RMS/Sainik School GK,TRUE
SPT037,6,Sports,Football,How many players from one team are normally on the field in football?,11,7,9,15,A,A football team normally has 11 players on the field.,Easy,RMS/Sainik School GK,TRUE
SPT038,6,Sports,Hockey,How many players from one team are normally on the field in field hockey?,11,7,9,15,A,A field hockey team normally has 11 players on the field.,Easy,RMS/Sainik School GK,TRUE
SPT039,6,Sports,Basketball,How many players from one team are on the court in basketball?,5,7,9,11,A,Five players from each team are on court in basketball.,Easy,RMS/Sainik School GK,TRUE
SPT040,6,Sports,General Sports,How many players from one team are on court in volleyball?,6,5,7,11,A,Six players from each team are on court in volleyball.,Easy,RMS/Sainik School GK,TRUE
SPT041,6,Sports,Traditional Games,How many players from one team are on the court in standard kabaddi?,7,5,9,11,A,A kabaddi team has seven players on court.,Easy,RMS/Sainik School GK,TRUE
SPT042,6,Sports,Traditional Games,How many players from one team usually take the field in kho-kho?,9,7,11,5,A,Nine players from a team are on the field in kho-kho during a turn.,Moderate,RMS/Sainik School GK,TRUE
SPT043,6,Sports,General Sports,How many players are in a standard baseball team on the field?,9,7,11,5,A,Nine defensive players are on the field for a baseball team.,Moderate,RMS/Sainik School GK,TRUE
SPT044,6,Sports,General Sports,How many players are on the field for one rugby union team?,15,11,13,7,A,A rugby union team has 15 players on the field.,Moderate,RMS/Sainik School GK,TRUE
SPT045,6,Sports,General Sports,"How many players from one team are on the court in handball, including the goalkeeper?",7,5,6,11,A,"A handball team has seven players on court, including the goalkeeper.",Moderate,RMS/Sainik School GK,TRUE
SPT046,6,Sports,Basketball,How many players are on court for both basketball teams combined at the start of ordinary play?,10,12,14,22,A,Five players per team means ten players on court.,Easy,RMS/Sainik School GK,TRUE
SPT047,6,Sports,General Sports,How many players are on court for both volleyball teams combined?,12,10,14,22,A,Six players per team means twelve players on court.,Easy,RMS/Sainik School GK,TRUE
SPT048,6,Sports,Traditional Games,How many players are on court for both kabaddi teams combined?,14,12,16,10,A,Seven players per team means fourteen players on court.,Easy,RMS/Sainik School GK,TRUE
SPT049,6,Sports,Cricket,How many players are on the field for the fielding team in cricket?,11,10,9,12,A,The fielding team has 11 players.,Easy,RMS/Sainik School GK,TRUE
SPT050,6,Sports,Football,Which player is allowed to use hands in the penalty area in ordinary football?,Goalkeeper,Striker,Defender only,Captain only,A,"The goalkeeper may handle the ball in their own penalty area, subject to the laws.",Moderate,RMS/Sainik School GK,TRUE
SPT051,6,Sports,Cricket,What is the central playing strip in cricket called?,Pitch,Court,Ring,Course,A,The central strip between the wickets is the cricket pitch.,Easy,RMS/Sainik School GK,TRUE
SPT052,6,Sports,Tennis,What is the playing area in tennis called?,Court,Pitch,Ring,Track,A,Tennis is played on a court.,Easy,RMS/Sainik School GK,TRUE
SPT053,6,Sports,Badminton,What is the playing area in badminton called?,Court,Field,Ring,Course,A,Badminton is played on a court.,Easy,RMS/Sainik School GK,TRUE
SPT054,6,Sports,Basketball,What is the playing area in basketball called?,Court,Pitch,Track,Ring,A,Basketball is played on a court.,Easy,RMS/Sainik School GK,TRUE
SPT055,6,Sports,General Sports,What is the square fighting area in boxing called?,Ring,Court,Pitch,Track,A,Boxing takes place in a ring.,Easy,RMS/Sainik School GK,TRUE
SPT056,6,Sports,Golf,What is the large playing area in golf called?,Course,Court,Pitch,Ring,A,Golf is played on a course.,Easy,RMS/Sainik School GK,TRUE
SPT057,6,Sports,Athletics,Where are track races usually held?,Track,Ring,Court,Pitch,A,Track races are held on an athletics track.,Easy,RMS/Sainik School GK,TRUE
SPT058,6,Sports,General Sports,Where are competitive swimming races held?,Pool,Court,Pitch,Course,A,Competitive swimming is held in a swimming pool.,Easy,RMS/Sainik School GK,TRUE
SPT059,6,Sports,Football,What is the playing area in football commonly called?,Pitch,Court,Ring,Course,A,Football is commonly played on a pitch.,Easy,RMS/Sainik School GK,TRUE
SPT060,6,Sports,Hockey,What is the playing area in field hockey commonly called?,Field,Ring,Court,Course,A,Field hockey is played on a field.,Easy,RMS/Sainik School GK,TRUE
SPT061,6,Sports,Cricket,What does LBW stand for in cricket?,Leg Before Wicket,Long Ball Wide,Leg By Wicket,Last Bat Wicket,A,LBW means Leg Before Wicket.,Moderate,RMS/Sainik School GK,TRUE
SPT062,6,Sports,Cricket,What is a yorker in cricket?,A ball bowled very close to the batter's feet,A high catch,A type of bat,A fielding position,A,A yorker is bowled near the batter's feet or base of the stumps.,Moderate,RMS/Sainik School GK,TRUE
SPT063,6,Sports,Cricket,What is a googly?,A deceptive delivery by a leg-spinner,A type of bat,A fielding helmet,A cricket ground,A,A googly is a deceptive delivery bowled by a leg-spinner.,Moderate,RMS/Sainik School GK,TRUE
SPT064,6,Sports,Cricket,What is a wicket in cricket?,A set of three stumps and two bails,A type of ball only,A boundary line,A fielding team,A,The wicket consists of three stumps with two bails.,Easy,RMS/Sainik School GK,TRUE
SPT065,6,Sports,Cricket,What is a maiden over?,An over in which no runs are scored from the bowler's deliveries,An over with six wickets,An over with six boundaries,An extra over,A,A maiden over is an over from which no runs are scored off the bowler's deliveries.,Moderate,RMS/Sainik School GK,TRUE
SPT066,6,Sports,Cricket,What is a hat-trick in cricket?,Three wickets by a bowler with three consecutive deliveries,Three sixes,Three catches by one player,Three runs,A,A cricket hat-trick is three wickets with three consecutive deliveries.,Moderate,RMS/Sainik School GK,TRUE
SPT067,6,Sports,Football,What is a penalty kick in football?,A kick awarded for certain fouls inside the penalty area,A kick from midfield,A corner kick,A throw-in,A,A penalty kick is awarded for certain offences in the defending penalty area.,Moderate,RMS/Sainik School GK,TRUE
SPT068,6,Sports,Football,What is a corner kick?,A restart taken from the corner area,A free kick from midfield,A goal kick,A throw-in,A,A corner kick restarts play from the corner area after the ball leaves over the goal line off a defender.,Moderate,RMS/Sainik School GK,TRUE
SPT069,6,Sports,Football,What is offside in football?,"A position involving a player being ahead of the second-last opponent when the ball is played, subject to the law",A type of corner,A goal kick,A throw-in,A,Offside is an attacking positional offence defined by the Laws of the Game.,Hard,RMS/Sainik School GK,TRUE
SPT070,6,Sports,Football,What is a goalkeeper's main role?,To protect the goal,To take every corner,To referee the match,To coach the team,A,The goalkeeper's primary role is to prevent the ball entering the goal.,Easy,RMS/Sainik School GK,TRUE
SPT071,6,Sports,Tennis,What does 'love' mean in tennis scoring?,Zero,One,Two,A tie,A,"In tennis scoring, love means zero.",Easy,RMS/Sainik School GK,TRUE
SPT072,6,Sports,Tennis,What is a deuce in tennis?,A score of 40-40,A first point,A winning serve,A tie-break set,A,Deuce occurs when both players have 40 points.,Moderate,RMS/Sainik School GK,TRUE
SPT073,6,Sports,Tennis,What is an ace in tennis?,A serve the opponent cannot touch successfully,A double fault,A volley,A drop shot,A,An ace is a serve that is not touched by the receiver.,Easy,RMS/Sainik School GK,TRUE
SPT074,6,Sports,Badminton,What is the object hit in badminton called?,Shuttlecock,Puck,Pellet,Balloon,A,Badminton is played with a shuttlecock.,Easy,RMS/Sainik School GK,TRUE
SPT075,6,Sports,General Sports,What is a knockout?,Winning when the opponent cannot continue after being knocked down under the rules,A type of glove,A round break,A referee,A,A knockout can end a boxing contest when the opponent cannot continue under the rules.,Moderate,RMS/Sainik School GK,TRUE
SPT076,6,Sports,Athletics,What is a sprint?,A short-distance race run at high speed,A long jump,A throwing event,A relay baton,A,A sprint is a short-distance race run at high speed.,Easy,RMS/Sainik School GK,TRUE
SPT077,6,Sports,Athletics,What is a relay race?,A race in which team members run successive sections,A race with no teams,A jumping event,A swimming stroke,A,"In a relay, team members run successive legs and pass a baton.",Easy,RMS/Sainik School GK,TRUE
SPT078,6,Sports,Athletics,What is a marathon?,A long-distance road race of 42.195 km,A 100 m race,A jumping event,A throwing event,A,A marathon covers 42.195 kilometres.,Moderate,RMS/Sainik School GK,TRUE
SPT079,6,Sports,General Sports,Which is a swimming stroke?,Butterfly,Yorker,Dribble,Smash,A,Butterfly is one of the recognised competitive swimming strokes.,Easy,RMS/Sainik School GK,TRUE
SPT080,6,Sports,General Sports,Which is another recognised competitive swimming stroke?,Backstroke,Offside,Googly,Deuce,A,Backstroke is a competitive swimming stroke.,Easy,RMS/Sainik School GK,TRUE
SPT081,6,Sports,General Sports,What is a serve in volleyball?,The action that starts a rally,A type of tackle,A timeout only,A substitution,A,A serve starts each rally.,Easy,RMS/Sainik School GK,TRUE
SPT082,6,Sports,Basketball,What is a dribble in basketball?,Bouncing the ball while moving,Kicking the ball,Throwing the ball out,A jump only,A,Dribbling means bouncing the ball with one hand while controlling it.,Easy,RMS/Sainik School GK,TRUE
SPT083,6,Sports,Basketball,What is a free throw?,An unopposed shot awarded after certain fouls,A pass from the side,A jump ball,A corner kick,A,A free throw is an awarded shot taken without a defender guarding the shooter directly.,Moderate,RMS/Sainik School GK,TRUE
SPT084,6,Sports,Traditional Games,What is a raid in kabaddi?,An attacking move into the opponent's half by a raider,A type of kick,A referee signal,A timeout,A,A raider enters the opponents' half to score points.,Easy,RMS/Sainik School GK,TRUE
SPT085,6,Sports,General Sports,What does check mean in chess?,The king is under attack,A player wins immediately,A pawn is promoted,The game is paused,A,Check means the king is currently under attack.,Easy,RMS/Sainik School GK,TRUE
SPT086,6,Sports,General Sports,What is checkmate?,A position where the king is in check and has no legal escape,A draw,A pawn move,A castling move,A,Checkmate ends the game because the king is in check with no legal move to escape.,Moderate,RMS/Sainik School GK,TRUE
SPT087,6,Sports,General Sports,What is stalemate?,A draw where the player to move has no legal move and the king is not in check,A checkmate,A win by a pawn,A first move,A,Stalemate is a draw when the player to move has no legal move and is not in check.,Moderate,RMS/Sainik School GK,TRUE
SPT088,6,Sports,Golf,What is a birdie in golf?,One stroke under par on a hole,Two strokes over par,A hole in one only,A penalty,A,A birdie means one stroke under the hole's par.,Moderate,RMS/Sainik School GK,TRUE
SPT089,6,Sports,Golf,What is an eagle in golf?,Two strokes under par on a hole,One stroke over par,A missed putt,A penalty,A,An eagle means two strokes under par.,Moderate,RMS/Sainik School GK,TRUE
SPT090,6,Sports,Golf,What is a hole-in-one?,Completing a hole with one stroke,Missing the green,Two putts,A penalty,A,A hole-in-one is completed with a single stroke.,Easy,RMS/Sainik School GK,TRUE
SPT091,6,Sports,Cricket,Which trophy is associated with India's first-class domestic cricket competition?,Ranji Trophy,Davis Cup,Durand Cup,Thomas Cup,A,The Ranji Trophy is a major Indian domestic first-class cricket competition.,Moderate,RMS/Sainik School GK,TRUE
SPT092,6,Sports,Cricket,Which trophy is associated with the international men's cricket world championship?,ICC Cricket World Cup,Thomas Cup,Davis Cup,Uber Cup,A,The ICC Cricket World Cup is a major international men's cricket tournament.,Easy,RMS/Sainik School GK,TRUE
SPT093,6,Sports,Badminton,Which trophy is associated with the men's world team badminton championship?,Thomas Cup,Ranji Trophy,Davis Cup,Durand Cup,A,The Thomas Cup is the men's world team badminton championship trophy.,Moderate,RMS/Sainik School GK,TRUE
SPT094,6,Sports,Badminton,Which trophy is associated with the women's world team badminton championship?,Uber Cup,Thomas Cup,Davis Cup,Ranji Trophy,A,The Uber Cup is the women's world team badminton championship trophy.,Moderate,RMS/Sainik School GK,TRUE
SPT095,6,Sports,Tennis,Which trophy is associated with the men's international team tennis competition?,Davis Cup,Thomas Cup,Ranji Trophy,Durand Cup,A,The Davis Cup is an international men's team tennis competition.,Easy,RMS/Sainik School GK,TRUE
SPT096,6,Sports,Tennis,Which competition is one of the four Grand Slam tennis tournaments?,Wimbledon,Ranji Trophy,Thomas Cup,Durand Cup,A,Wimbledon is one of tennis's four Grand Slam tournaments.,Easy,RMS/Sainik School GK,TRUE
SPT097,6,Sports,Football,Which trophy is associated with the FIFA men's world football championship?,FIFA World Cup,Davis Cup,Thomas Cup,Ranji Trophy,A,The FIFA World Cup is the major men's international football championship.,Easy,RMS/Sainik School GK,TRUE
SPT098,6,Sports,Football,Which famous Indian football tournament is associated with the Indian Armed Forces?,Durand Cup,Ranji Trophy,Thomas Cup,Davis Cup,A,The Durand Cup is a historic Indian football tournament.,Moderate,RMS/Sainik School GK,TRUE
SPT099,6,Sports,Hockey,Which competition is associated with international men's field hockey?,Hockey World Cup,Davis Cup,Thomas Cup,Ranji Trophy,A,The Hockey World Cup is an international field hockey championship.,Easy,RMS/Sainik School GK,TRUE
SPT100,6,Sports,Athletics,Which event includes track and field competitions from many countries?,Olympic Games,Davis Cup,Thomas Cup,Ranji Trophy,A,The Olympic Games include many athletics events.,Easy,RMS/Sainik School GK,TRUE
SPT101,6,Sports,Cricket,Which trophy is associated with India's domestic cricket competition for states and teams?,Duleep Trophy,Uber Cup,Davis Cup,Durand Cup,A,The Duleep Trophy is an Indian domestic first-class cricket competition.,Moderate,RMS/Sainik School GK,TRUE
SPT102,6,Sports,Cricket,Which trophy is associated with the Irani Cup?,First-class cricket,Tennis,Football,Badminton,A,The Irani Cup is a first-class cricket match in India.,Moderate,RMS/Sainik School GK,TRUE
SPT103,6,Sports,Football,The Santosh Trophy is associated with which sport?,Football,Cricket,Badminton,Tennis,A,The Santosh Trophy is an Indian football competition.,Easy,RMS/Sainik School GK,TRUE
SPT104,6,Sports,Football,The Subroto Cup is associated with which sport?,Football,Hockey,Cricket,Athletics,A,"The Subroto Cup is a football tournament, especially known for school football.",Easy,RMS/Sainik School GK,TRUE
SPT105,6,Sports,Hockey,The Sultan Azlan Shah Cup is associated with which sport?,Hockey,Football,Cricket,Tennis,A,The Sultan Azlan Shah Cup is an international men's field hockey tournament.,Moderate,RMS/Sainik School GK,TRUE
SPT106,6,Sports,Golf,The Masters Tournament is associated with which sport?,Golf,Tennis,Cricket,Football,A,The Masters is a major golf tournament.,Easy,RMS/Sainik School GK,TRUE
SPT107,6,Sports,Tennis,Which of these is NOT a tennis Grand Slam?,Thomas Cup,Wimbledon,US Open,French Open,A,"Thomas Cup is a badminton team championship, not a tennis Grand Slam.",Moderate,RMS/Sainik School GK,TRUE
SPT108,6,Sports,Tennis,Which Grand Slam is played on clay courts?,French Open,Wimbledon,US Open,Australian Open,A,The French Open is played on clay.,Moderate,RMS/Sainik School GK,TRUE
SPT109,6,Sports,Tennis,Which Grand Slam is traditionally played on grass?,Wimbledon,French Open,US Open,Australian Open,A,Wimbledon is traditionally played on grass.,Easy,RMS/Sainik School GK,TRUE
SPT110,6,Sports,Tennis,Which Grand Slam is played in New York?,US Open,French Open,Wimbledon,Australian Open,A,The US Open is held in New York.,Easy,RMS/Sainik School GK,TRUE
SPT111,6,Sports,Olympics,How often are the Summer Olympic Games normally held?,Every 4 years,Every 2 years,Every 3 years,Every 5 years,A,The Summer Olympic Games are normally held every four years.,Easy,RMS/Sainik School GK,TRUE
SPT112,6,Sports,Olympics,What do the five Olympic rings represent?,The union of the five inhabited continents,Five sports only,Five host cities,Five medals,A,The rings symbolize the union of the world's inhabited continents in the Olympic movement.,Moderate,RMS/Sainik School GK,TRUE
SPT113,6,Sports,Olympics,Which city hosted the 2016 Summer Olympics?,Rio de Janeiro,London,Tokyo,Paris,A,Rio de Janeiro hosted the 2016 Summer Olympics.,Easy,RMS/Sainik School GK,TRUE
SPT114,6,Sports,Olympics,"Which city hosted the 2020 Summer Olympics, held in 2021?",Tokyo,Paris,London,Rio de Janeiro,A,"Tokyo hosted the 2020 Olympics, which were held in 2021.",Moderate,RMS/Sainik School GK,TRUE
SPT115,6,Sports,Olympics,Which city hosted the 2024 Summer Olympics?,Paris,Tokyo,London,Rio de Janeiro,A,Paris hosted the 2024 Summer Olympics.,Easy,RMS/Sainik School GK,TRUE
SPT116,6,Sports,Olympics,Which Indian athlete won Olympic gold in men's javelin throw at Tokyo 2020?,Neeraj Chopra,Abhinav Bindra,Sushil Kumar,Milkha Singh,A,Neeraj Chopra won India's first Olympic athletics gold medal in javelin throw at Tokyo 2020.,Moderate,RMS/Sainik School GK,TRUE
SPT117,6,Sports,Olympics,Which Indian shooter won an individual Olympic gold medal at Beijing 2008?,Abhinav Bindra,Neeraj Chopra,Rajyavardhan Rathore,Sushil Kumar,A,Abhinav Bindra won the men's 10 m air rifle gold at Beijing 2008.,Moderate,RMS/Sainik School GK,TRUE
SPT118,6,Sports,Olympics,Which Indian woman became the first Indian woman to win an Olympic medal?,Karnam Malleswari,P. V. Sindhu,Mary Kom,Saina Nehwal,A,Karnam Malleswari won a weightlifting bronze at Sydney 2000.,Hard,RMS/Sainik School GK,TRUE
SPT119,6,Sports,Olympics,P. V. Sindhu won an Olympic silver medal in which sport?,Badminton,Boxing,Shooting,Wrestling,A,P. V. Sindhu won Olympic silver in badminton at Rio 2016.,Easy,RMS/Sainik School GK,TRUE
SPT120,6,Sports,Olympics,Sushil Kumar won Olympic medals in which sport?,Wrestling,Boxing,Shooting,Hockey,A,Sushil Kumar won Olympic medals in wrestling.,Easy,RMS/Sainik School GK,TRUE
SPT121,6,Sports,Olympics,Which medal is awarded for first place?,Gold,Silver,Bronze,Copper,A,Gold is awarded for first place.,Easy,RMS/Sainik School GK,TRUE
SPT122,6,Sports,Olympics,Which medal is awarded for second place?,Silver,Gold,Bronze,Copper,A,Silver is awarded for second place.,Easy,RMS/Sainik School GK,TRUE
SPT123,6,Sports,Olympics,Which medal is awarded for third place?,Bronze,Gold,Silver,Copper,A,Bronze is awarded for third place.,Easy,RMS/Sainik School GK,TRUE
SPT124,6,Sports,Olympics,How often are the Asian Games normally held?,Every 4 years,Every 2 years,Every 3 years,Every 5 years,A,The Asian Games are normally held every four years.,Easy,RMS/Sainik School GK,TRUE
SPT125,6,Sports,Olympics,Which continent's athletes compete in the Asian Games?,Asia,Europe,Africa,South America,A,The Asian Games are a multi-sport event for Asian nations and regions.,Easy,RMS/Sainik School GK,TRUE
SPT126,6,Sports,Olympics,The Commonwealth Games are mainly associated with members of which association?,Commonwealth of Nations,United Nations only,European Union,SAARC only,A,The Commonwealth Games involve countries and territories of the Commonwealth.,Moderate,RMS/Sainik School GK,TRUE
SPT127,6,Sports,Olympics,Which sport uses a javelin?,Athletics,Swimming,Boxing,Chess,A,Javelin throw is an athletics throwing event.,Easy,RMS/Sainik School GK,TRUE
SPT128,6,Sports,Olympics,Which sport uses rings as an apparatus?,Gymnastics,Cricket,Football,Golf,A,Rings are an apparatus in men's artistic gymnastics.,Easy,RMS/Sainik School GK,TRUE
SPT129,6,Sports,Olympics,Which sport includes the event called the 100 metres?,Athletics,Hockey,Tennis,Boxing,A,The 100 metres is a track event in athletics.,Easy,RMS/Sainik School GK,TRUE
SPT130,6,Sports,Olympics,Which sport includes the event called the long jump?,Athletics,Swimming,Cricket,Football,A,Long jump is an athletics field event.,Easy,RMS/Sainik School GK,TRUE
SPT131,6,Sports,Traditional Games,Which Indian game involves chasing and tagging opponents in a field?,Kho-Kho,Golf,Tennis,Rugby,A,Kho-kho is a traditional Indian chasing and tagging game.,Easy,RMS/Sainik School GK,TRUE
SPT132,6,Sports,Traditional Games,Which Indian team game involves a raider entering the opponent's half?,Kabaddi,Golf,Chess,Swimming,A,Kabaddi involves a raider entering the opponents' half to score points.,Easy,RMS/Sainik School GK,TRUE
SPT133,6,Sports,Traditional Games,Which game is traditionally played using a small stick and a larger stick?,Gilli-danda,Kabaddi,Kho-kho,Chess,A,Gilli-danda uses a small stick called gilli and a larger stick called danda.,Easy,RMS/Sainik School GK,TRUE
SPT134,6,Sports,Traditional Games,Mallakhamb is mainly associated with which activity?,Gymnastics and yoga-like exercises on a pole or rope,Swimming,Cricket,Tennis,A,Mallakhamb combines physical exercises and poses using a pole or rope.,Moderate,RMS/Sainik School GK,TRUE
SPT135,6,Sports,Traditional Games,Which of these is an Indian traditional combat sport?,Kushti,Golf,Tennis,Baseball,A,Kushti is a traditional form of Indian wrestling.,Easy,RMS/Sainik School GK,TRUE
SPT136,6,Sports,Traditional Games,Kabaddi is mainly a game of which type?,Team sport,Racing only,Water sport,Individual board game,A,Kabaddi is a team sport.,Easy,RMS/Sainik School GK,TRUE
SPT137,6,Sports,Traditional Games,Kho-kho is mainly based on which skill?,Chasing and dodging,Swimming,Throwing a javelin,Hitting a shuttlecock,A,"Kho-kho mainly involves chasing, dodging and quick movement.",Easy,RMS/Sainik School GK,TRUE
SPT138,6,Sports,Traditional Games,Which sport is traditionally associated with wrestling pits in India?,Kushti,Golf,Badminton,Basketball,A,"Kushti is traditional Indian wrestling, often practiced in an akhara.",Easy,RMS/Sainik School GK,TRUE
SPT139,6,Sports,Traditional Games,Which game is played by two teams taking turns to raid?,Kabaddi,Cricket,Tennis,Golf,A,Kabaddi has attacking raids by players from each team.,Easy,RMS/Sainik School GK,TRUE
SPT140,6,Sports,Traditional Games,Which game uses a court divided into two halves for teams?,Kabaddi,Swimming,Golf,Boxing,A,Kabaddi is played on a court divided into two halves.,Easy,RMS/Sainik School GK,TRUE
SPT141,6,Sports,Abbreviations,What does ICC stand for in cricket?,International Cricket Council,Indian Cricket Committee,International Cup Council,Indian Cricket Club,A,ICC stands for International Cricket Council.,Easy,RMS/Sainik School GK,TRUE
SPT142,6,Sports,Abbreviations,What does FIFA stand for?,Fédération Internationale de Football Association,Federation of Indian Football Athletes,Football International Federation of Asia,Federal International Football Association,A,FIFA is the international governing body associated with football.,Moderate,RMS/Sainik School GK,TRUE
SPT143,6,Sports,Abbreviations,What does BCCI stand for?,Board of Control for Cricket in India,British Council of Cricket in India,Board of Cricket Clubs in India,Bureau of Cricket Competition in India,A,BCCI stands for Board of Control for Cricket in India.,Easy,RMS/Sainik School GK,TRUE
SPT144,6,Sports,Abbreviations,What does BWF stand for in badminton?,Badminton World Federation,British World Football,Board of World Fencing,Badminton Women Federation,A,BWF stands for Badminton World Federation.,Moderate,RMS/Sainik School GK,TRUE
SPT145,6,Sports,Abbreviations,What does IOC stand for?,International Olympic Committee,Indian Olympic Council,International Outdoor Club,Indian Olympic Committee,A,IOC stands for International Olympic Committee.,Easy,RMS/Sainik School GK,TRUE
SPT146,6,Sports,Abbreviations,What does AIFF stand for?,All India Football Federation,Association of Indian Field Football,All India International Football,Athletics India Football Federation,A,AIFF is the All India Football Federation.,Moderate,RMS/Sainik School GK,TRUE
SPT147,6,Sports,Abbreviations,What does FIH stand for in hockey?,International Hockey Federation,Federation of Indian Hockey,Football International Hockey,Federation of Indoor Hockey,A,FIH is the International Hockey Federation.,Moderate,RMS/Sainik School GK,TRUE
SPT148,6,Sports,Abbreviations,What does ATP stand for in men's tennis?,Association of Tennis Professionals,All Tennis Players,Association of Tournament Players,Asian Tennis Professionals,A,ATP stands for Association of Tennis Professionals.,Moderate,RMS/Sainik School GK,TRUE
SPT149,6,Sports,Abbreviations,What does WTA stand for in women's tennis?,Women's Tennis Association,World Tennis Athletes,Women's Tournament Association,World Tennis Association,A,WTA stands for Women's Tennis Association.,Moderate,RMS/Sainik School GK,TRUE
SPT150,6,Sports,Abbreviations,What does NBA stand for?,National Basketball Association,National Boxing Association,New Basketball Association,National Baseball Alliance,A,NBA stands for National Basketball Association.,Easy,RMS/Sainik School GK,TRUE
SPT151,6,Sports,Identify the Sport,A shuttlecock is used in which sport?,Badminton,Tennis,Cricket,Hockey,A,A shuttlecock is used in badminton.,Easy,RMS/Sainik School GK,TRUE
SPT152,6,Sports,Identify the Sport,A puck is mainly associated with which sport?,Ice hockey,Cricket,Tennis,Golf,A,A puck is used in ice hockey.,Easy,RMS/Sainik School GK,TRUE
SPT153,6,Sports,Identify the Sport,A scrum is associated with which sport?,Rugby,Tennis,Golf,Swimming,A,A scrum is a rugby formation.,Moderate,RMS/Sainik School GK,TRUE
SPT154,6,Sports,Identify the Sport,A pommel horse is used in which sport?,Gymnastics,Football,Cricket,Boxing,A,The pommel horse is an apparatus in men's artistic gymnastics.,Easy,RMS/Sainik School GK,TRUE
SPT155,6,Sports,Identify the Sport,A vault is an event or apparatus in which sport?,Gymnastics,Cricket,Football,Golf,A,Vault is an artistic gymnastics event.,Easy,RMS/Sainik School GK,TRUE
SPT156,6,Sports,Identify the Sport,A foil is used in which sport?,Fencing,Archery,Golf,Boxing,A,Foil is one of the three fencing weapons.,Moderate,RMS/Sainik School GK,TRUE
SPT157,6,Sports,Identify the Sport,A saddle is commonly used in which sport?,Equestrian sports,Swimming,Badminton,Basketball,A,A saddle is used in horse riding and equestrian sports.,Easy,RMS/Sainik School GK,TRUE
SPT158,6,Sports,Identify the Sport,A cue is associated with which sport?,Snooker,Football,Athletics,Volleyball,A,A cue is used to strike balls in snooker.,Easy,RMS/Sainik School GK,TRUE
SPT159,6,Sports,Identify the Sport,A net and hoop are central to which sport?,Basketball,Cricket,Boxing,Golf,A,Basketball uses a hoop and net.,Easy,RMS/Sainik School GK,TRUE
SPT160,6,Sports,Identify the Sport,A goalpost is used in which of these sports?,Football,Chess,Golf,Badminton,A,Football uses goals with goalposts.,Easy,RMS/Sainik School GK,TRUE
SPT161,6,Sports,Identify the Sport,A wicketkeeper is a player in which sport?,Cricket,Football,Hockey,Tennis,A,Wicketkeeper is a cricket position.,Easy,RMS/Sainik School GK,TRUE
SPT162,6,Sports,Identify the Sport,A caddie is associated with which sport?,Golf,Cricket,Football,Swimming,A,A caddie assists a golfer during a round.,Moderate,RMS/Sainik School GK,TRUE
SPT163,6,Sports,Identify the Sport,A libero is a specialist player in which sport?,Volleyball,Cricket,Football,Tennis,A,A libero is a specialist defensive player in volleyball.,Moderate,RMS/Sainik School GK,TRUE
SPT164,6,Sports,Identify the Sport,A raider is a key attacking player in which sport?,Kabaddi,Hockey,Golf,Tennis,A,A raider attacks in kabaddi.,Easy,RMS/Sainik School GK,TRUE
SPT165,6,Sports,Identify the Sport,A wicket is a key term in which sport?,Cricket,Football,Basketball,Swimming,A,Wicket is a central cricket term.,Easy,RMS/Sainik School GK,TRUE
SPT166,6,Sports,Identify the Sport,A checkmate ends a game in which sport?,Chess,Boxing,Tennis,Hockey,A,Checkmate ends a chess game.,Easy,RMS/Sainik School GK,TRUE
SPT167,6,Sports,Identify the Sport,A putter is used in which sport?,Golf,Cricket,Football,Badminton,A,A putter is a golf club used mainly on the putting green.,Moderate,RMS/Sainik School GK,TRUE
SPT168,6,Sports,Identify the Sport,A baton is passed in which event?,Relay race,Marathon,High jump,Shot put,A,Relay runners pass a baton to the next team member.,Easy,RMS/Sainik School GK,TRUE
SPT169,6,Sports,Identify the Sport,A javelin is thrown in which sport?,Athletics,Swimming,Football,Tennis,A,Javelin throw is an athletics event.,Easy,RMS/Sainik School GK,TRUE
SPT170,6,Sports,Identify the Sport,A discus is thrown in which sport?,Athletics,Golf,Cricket,Hockey,A,Discus throw is an athletics field event.,Easy,RMS/Sainik School GK,TRUE
SPT171,6,Sports,Rules,"In cricket, what happens when a batter hits the ball over the boundary without bouncing?",Six runs,Four runs,Three runs,Two runs,A,A boundary hit that crosses the boundary without bouncing scores six runs.,Easy,RMS/Sainik School GK,TRUE
SPT172,6,Sports,Rules,"In cricket, what usually happens when the ball reaches the boundary after touching the ground?",Four runs,Six runs,Two runs,One run,A,A boundary to the ground scores four runs.,Easy,RMS/Sainik School GK,TRUE
SPT173,6,Sports,Rules,"In football, what is awarded when the ball completely crosses the goal line between the posts and under the crossbar, without an offence?",A goal,A corner,A throw-in,A free kick,A,That situation results in a goal.,Easy,RMS/Sainik School GK,TRUE
SPT174,6,Sports,Rules,"In basketball, what is a shot worth from beyond the three-point line?",Three points,Two points,One point,Four points,A,A successful field goal from beyond the three-point line scores three points.,Easy,RMS/Sainik School GK,TRUE
SPT175,6,Sports,Rules,"In volleyball, can a team normally touch the ball more than three times before returning it?",No,"Yes, five times","Yes, six times","Yes, unlimited times",A,A team normally has up to three contacts before returning the ball.,Moderate,RMS/Sainik School GK,TRUE
SPT176,6,Sports,Rules,"In tennis, what starts a point?",A serve,A corner kick,A throw-in,A face-off,A,A point begins with a serve.,Easy,RMS/Sainik School GK,TRUE
SPT177,6,Sports,Rules,"In badminton, what is used to separate the two sides of the court?",Net,Goalpost,Boundary wall,Fence only,A,A net divides the badminton court.,Easy,RMS/Sainik School GK,TRUE
SPT178,6,Sports,Rules,"In boxing, who enforces the rules inside the ring?",Referee,Umpire only,Coach,Captain,A,The referee controls the contest and enforces the rules.,Easy,RMS/Sainik School GK,TRUE
SPT179,6,Sports,Rules,"In cricket, who usually delivers the ball to the batter?",Bowler,Wicketkeeper,Umpire,Fielder at boundary,A,The bowler delivers the ball toward the batter.,Easy,RMS/Sainik School GK,TRUE
SPT180,6,Sports,Rules,"In tennis, what happens if the ball lands on the line?",It is considered in,It is always out,The point is replayed automatically,The server loses the point,A,A ball touching a boundary line is considered in.,Moderate,RMS/Sainik School GK,TRUE
SPT181,6,Sports,Rules,"In football, which restart is used when the ball crosses the touchline?",Throw-in,Penalty kick,Corner kick,Goal kick,A,A throw-in restarts play when the ball crosses the touchline.,Easy,RMS/Sainik School GK,TRUE
SPT182,6,Sports,Rules,"In football, which restart is usually given when the attacking team last touches the ball before it crosses the goal line and no goal is scored?",Goal kick,Corner kick,Throw-in,Penalty,A,A goal kick is awarded in that situation.,Moderate,RMS/Sainik School GK,TRUE
SPT183,6,Sports,Rules,"In football, which restart is usually given when the defending team last touches the ball before it crosses the goal line and no goal is scored?",Corner kick,Goal kick,Throw-in,Penalty,A,A corner kick is awarded in that situation.,Moderate,RMS/Sainik School GK,TRUE
SPT184,6,Sports,Rules,"In cricket, who makes decisions about dismissals and many match rules on the field?",Umpire,Coach,Captain only,Scorer,A,The on-field umpire makes decisions under the Laws of Cricket.,Easy,RMS/Sainik School GK,TRUE
SPT185,6,Sports,Rules,"In badminton, a rally begins with what?",Serve,Toss of a coin only,Smash only,Drop shot,A,Each rally begins with a serve.,Easy,RMS/Sainik School GK,TRUE
SPT186,6,Sports,Indian Sportspersons,Saina Nehwal is associated with which sport?,Badminton,Tennis,Boxing,Hockey,A,Saina Nehwal is a famous Indian badminton player.,Easy,RMS/Sainik School GK,TRUE
SPT187,6,Sports,Indian Sportspersons,Sakshi Malik is associated with which sport?,Wrestling,Swimming,Tennis,Shooting,A,Sakshi Malik is an Indian wrestler.,Easy,RMS/Sainik School GK,TRUE
SPT188,6,Sports,Indian Sportspersons,Karnam Malleswari is associated with which sport?,Weightlifting,Badminton,Hockey,Tennis,A,Karnam Malleswari is a former Indian weightlifter.,Easy,RMS/Sainik School GK,TRUE
SPT189,6,Sports,Indian Sportspersons,Anju Bobby George is associated with which athletics event?,Long jump,Javelin throw,Swimming,Boxing,A,Anju Bobby George is known for long jump.,Moderate,RMS/Sainik School GK,TRUE
SPT190,6,Sports,Indian Sportspersons,PT Usha is famous for which sport?,Athletics,Cricket,Hockey,Golf,A,P. T. Usha is a famous Indian athlete and sprinter.,Easy,RMS/Sainik School GK,TRUE
SPT191,6,Sports,Indian Sportspersons,Deepa Malik is associated with which sport?,Para-athletics,Cricket,Tennis,Hockey,A,Deepa Malik is a celebrated Indian para-athlete.,Moderate,RMS/Sainik School GK,TRUE
SPT192,6,Sports,Indian Sportspersons,Avani Lekhara is associated with which sport?,Shooting,Boxing,Football,Badminton,A,Avani Lekhara is a Paralympic shooter.,Easy,RMS/Sainik School GK,TRUE
SPT193,6,Sports,Indian Sportspersons,Devendra Jhajharia is associated with which sport?,Para-athletics,Tennis,Cricket,Swimming,A,Devendra Jhajharia is a Paralympic javelin thrower.,Moderate,RMS/Sainik School GK,TRUE
SPT194,6,Sports,Indian Sportspersons,Bhawani Devi is associated with which sport?,Fencing,Cricket,Golf,Swimming,A,Bhawani Devi is an Indian fencer.,Moderate,RMS/Sainik School GK,TRUE
SPT195,6,Sports,Indian Sportspersons,Rani Rampal is associated with which sport?,Hockey,Badminton,Tennis,Wrestling,A,Rani Rampal is a famous Indian hockey player.,Easy,RMS/Sainik School GK,TRUE
SPT196,6,Sports,General Sports,Which sport is known as the 'gentleman's game' in a common traditional expression?,Cricket,Boxing,Wrestling,Football,A,Cricket has traditionally been described by that expression.,Easy,RMS/Sainik School GK,TRUE
SPT197,6,Sports,General Sports,Which sport is often called the 'king of sports' because of its global popularity?,Football,Chess,Golf,Kabaddi,A,Football is widely described as the world's most popular sport.,Easy,RMS/Sainik School GK,TRUE
SPT198,6,Sports,General Sports,Which sport is played with a shuttlecock?,Badminton,Tennis,Squash,Table tennis,A,Badminton uses a shuttlecock.,Easy,RMS/Sainik School GK,TRUE
SPT199,6,Sports,General Sports,"Which sport uses a bat, ball and wickets?",Cricket,Baseball,Hockey,Tennis,A,"Cricket uses a bat, ball and wickets.",Easy,RMS/Sainik School GK,TRUE
SPT200,6,Sports,General Sports,Which sport uses a racket and a shuttlecock?,Badminton,Tennis,Golf,Hockey,A,Badminton uses a racket and shuttlecock.,Easy,RMS/Sainik School GK,TRUE
SPT201,6,Sports,General Sports,Which sport uses a racket and a ball over a net?,Tennis,Cricket,Boxing,Athletics,A,Tennis is played with rackets and a ball over a net.,Easy,RMS/Sainik School GK,TRUE
SPT202,6,Sports,General Sports,"Which sport combines running, jumping and throwing events?",Athletics,Cricket,Tennis,Swimming,A,"Athletics includes track, jumping and throwing events.",Easy,RMS/Sainik School GK,TRUE
SPT203,6,Sports,General Sports,Which sport is played on a chessboard?,Chess,Checkers only,Golf,Tennis,A,Chess is played on a chessboard.,Easy,RMS/Sainik School GK,TRUE
SPT204,6,Sports,General Sports,How many squares are there on a standard chessboard?,64,32,81,100,A,A chessboard has 64 squares.,Easy,RMS/Sainik School GK,TRUE
SPT205,6,Sports,General Sports,How many pieces does each player start with in chess?,16,8,12,20,A,Each chess player starts with 16 pieces.,Easy,RMS/Sainik School GK,TRUE
SPT206,6,Sports,General Sports,"Which sport has a goalkeeper, defenders, midfielders and forwards?",Football,Chess,Golf,Boxing,A,These are common football positions.,Easy,RMS/Sainik School GK,TRUE
SPT207,6,Sports,General Sports,Which sport has a wicketkeeper?,Cricket,Football,Hockey,Basketball,A,Wicketkeeper is a cricket position.,Easy,RMS/Sainik School GK,TRUE
SPT208,6,Sports,General Sports,Which sport has a goalkeeper and a penalty corner?,Hockey,Tennis,Golf,Chess,A,Field hockey has goalkeepers and penalty corners.,Moderate,RMS/Sainik School GK,TRUE
SPT209,6,Sports,General Sports,Which sport uses a hoop called a basket?,Basketball,Volleyball,Football,Hockey,A,Basketball is played by shooting into a basket.,Easy,RMS/Sainik School GK,TRUE
SPT210,6,Sports,General Sports,Which sport is played over a net with six players per side?,Volleyball,Basketball,Football,Cricket,A,Indoor volleyball has six players per team on court.,Easy,RMS/Sainik School GK,TRUE
SPT211,6,Sports,General Sports,Which sport is played in sets and uses the term 'deuce'?,Tennis,Cricket,Football,Hockey,A,Deuce is a tennis scoring term.,Easy,RMS/Sainik School GK,TRUE
SPT212,6,Sports,General Sports,Which sport uses the term 'checkmate'?,Chess,Boxing,Golf,Tennis,A,Checkmate is a chess term.,Easy,RMS/Sainik School GK,TRUE
SPT213,6,Sports,General Sports,Which sport uses the term 'birdie'?,Golf,Cricket,Football,Swimming,A,Birdie is a golf scoring term.,Moderate,RMS/Sainik School GK,TRUE
SPT214,6,Sports,General Sports,Which sport uses the term 'hat-trick'?,Cricket,Only football,Only tennis,Only swimming,A,Hat-trick is used in several sports; in cricket it commonly means three wickets in three consecutive deliveries.,Moderate,RMS/Sainik School GK,TRUE
SPT215,6,Sports,General Sports,Which sport includes a 'knockout' as a possible way to win?,Boxing,Golf,Badminton,Swimming,A,A boxing contest can end by knockout.,Easy,RMS/Sainik School GK,TRUE
SPT216,6,Sports,Trophies,The Vijay Hazare Trophy is associated with which sport?,Cricket,Football,Hockey,Tennis,A,The Vijay Hazare Trophy is an Indian domestic cricket competition.,Moderate,RMS/Sainik School GK,TRUE
SPT217,6,Sports,Trophies,The Syed Mushtaq Ali Trophy is associated with which sport?,Cricket,Badminton,Football,Hockey,A,The Syed Mushtaq Ali Trophy is an Indian domestic cricket competition.,Moderate,RMS/Sainik School GK,TRUE
SPT218,6,Sports,Trophies,The Deodhar Trophy is associated with which sport?,Cricket,Tennis,Football,Golf,A,The Deodhar Trophy is associated with Indian domestic cricket.,Moderate,RMS/Sainik School GK,TRUE
SPT219,6,Sports,Trophies,The Aga Khan Cup has historically been associated with which sport in India?,Hockey,Cricket,Tennis,Golf,A,The Aga Khan Cup has a history in Indian field hockey.,Hard,RMS/Sainik School GK,TRUE
SPT220,6,Sports,Trophies,The Beighton Cup is associated with which sport?,Hockey,Football,Cricket,Badminton,A,The Beighton Cup is a historic Indian field hockey tournament.,Moderate,RMS/Sainik School GK,TRUE
SPT221,6,Sports,Trophies,The Nehru Trophy is famous for which type of sporting event?,Boat race,Football,Cricket,Tennis,A,The Nehru Trophy Boat Race is a famous Kerala snake-boat race.,Moderate,RMS/Sainik School GK,TRUE
SPT222,6,Sports,Trophies,The Wimbledon trophy is associated with which sport?,Tennis,Golf,Cricket,Badminton,A,Wimbledon is a major tennis tournament.,Easy,RMS/Sainik School GK,TRUE
SPT223,6,Sports,Trophies,The Ryder Cup is associated with which sport?,Golf,Tennis,Football,Cricket,A,The Ryder Cup is a major team golf competition.,Moderate,RMS/Sainik School GK,TRUE
SPT224,6,Sports,Trophies,The Stanley Cup is associated with which sport?,Ice hockey,Football,Cricket,Basketball,A,The Stanley Cup is awarded in professional ice hockey.,Moderate,RMS/Sainik School GK,TRUE
SPT225,6,Sports,Trophies,The Ashes is associated with which sport?,Cricket,Tennis,Football,Hockey,A,The Ashes is a famous Test cricket series between England and Australia.,Easy,RMS/Sainik School GK,TRUE
SPT226,6,Sports,Trophies,The Border-Gavaskar Trophy is associated with which sport?,Cricket,Hockey,Tennis,Football,A,The Border-Gavaskar Trophy is a Test cricket series between India and Australia.,Moderate,RMS/Sainik School GK,TRUE
SPT227,6,Sports,Trophies,The Hopman Cup was associated with which sport?,Tennis,Cricket,Football,Hockey,A,The Hopman Cup was an international mixed-team tennis competition.,Hard,RMS/Sainik School GK,TRUE
SPT228,6,Sports,Trophies,The Solheim Cup is associated with which sport?,Golf,Tennis,Football,Badminton,A,The Solheim Cup is a women's team golf competition.,Moderate,RMS/Sainik School GK,TRUE
SPT229,6,Sports,Trophies,The Walker Cup is associated with which sport?,Golf,Cricket,Tennis,Hockey,A,The Walker Cup is an amateur team golf competition.,Moderate,RMS/Sainik School GK,TRUE
SPT230,6,Sports,Trophies,The Thomas Cup is awarded in which sport?,Badminton,Tennis,Football,Hockey,A,The Thomas Cup is the men's world team badminton championship trophy.,Easy,RMS/Sainik School GK,TRUE
SPT231,6,Sports,Sports Terminology,What is a 'volley' in tennis?,A shot hit before the ball bounces,A serve that goes out,A type of racket,A tie-break,A,A volley is hit before the ball bounces.,Moderate,RMS/Sainik School GK,TRUE
SPT232,6,Sports,Sports Terminology,What is a 'drop shot' in tennis?,A softly hit shot that lands close to the net,A very hard serve,A shot over the back fence,A foot fault,A,A drop shot is played softly so it lands near the net.,Moderate,RMS/Sainik School GK,TRUE
SPT233,6,Sports,Sports Terminology,What is a 'smash' in badminton?,A powerful downward attacking shot,A defensive serve only,A type of shoe,A timeout,A,A smash is a powerful attacking stroke hit downward.,Easy,RMS/Sainik School GK,TRUE
SPT234,6,Sports,Sports Terminology,What is a 'clear' in badminton?,A shot hit high and deep toward the opponent's back court,A shot into the net,A serve only,A penalty,A,A clear sends the shuttle high and deep.,Moderate,RMS/Sainik School GK,TRUE
SPT235,6,Sports,Sports Terminology,What is a 'dribble' in football?,Moving with close control of the ball,A goal kick,A referee signal,A corner kick,A,Dribbling means moving while controlling the ball with the feet.,Easy,RMS/Sainik School GK,TRUE
SPT236,6,Sports,Sports Terminology,What is a 'tackle' in football?,An attempt to dispossess an opponent of the ball,A goal celebration,A corner kick,A substitution,A,A tackle is an attempt to win the ball from an opponent.,Easy,RMS/Sainik School GK,TRUE
SPT237,6,Sports,Sports Terminology,What is a 'header' in football?,Playing the ball with the head,A hand pass,A corner flag,A goal kick,A,A header means playing the ball with the head.,Easy,RMS/Sainik School GK,TRUE
SPT238,6,Sports,Sports Terminology,What is a 'free kick' in football?,A kick awarded after certain offences,A penalty only,A throw-in,A corner only,A,A free kick restarts play after certain offences.,Moderate,RMS/Sainik School GK,TRUE
SPT239,6,Sports,Sports Terminology,What is a 'fast break' in basketball?,A quick attacking move after gaining possession,A defensive timeout,A type of foul,A jump ball,A,A fast break is a quick transition into attack.,Moderate,RMS/Sainik School GK,TRUE
SPT240,6,Sports,Sports Terminology,What is a 'rebound' in basketball?,Gaining the ball after a missed shot,A type of pass only,A foul,A timeout,A,A rebound is gained after a missed field-goal or free-throw attempt.,Easy,RMS/Sainik School GK,TRUE
SPT241,6,Sports,Sports Terminology,What is a 'slam dunk' in basketball?,Putting the ball directly through the basket from close range with force,A long-distance pass,A defensive block only,A free throw,A,A slam dunk is a forceful shot made by putting the ball directly through the hoop.,Easy,RMS/Sainik School GK,TRUE
SPT242,6,Sports,Sports Terminology,What is a 'block' in basketball?,Deflecting an opponent's shot,A free throw,A timeout,A jump ball,A,A block is a defensive action that prevents or alters a shot.,Easy,RMS/Sainik School GK,TRUE
SPT243,6,Sports,Sports Terminology,What is a 'putt' in golf?,A short stroke usually played on the putting green,A long drive only,A penalty,A bunker,A,"A putt is a stroke played with a putter, usually on the green.",Easy,RMS/Sainik School GK,TRUE
SPT244,6,Sports,Sports Terminology,What is a 'bunker' in golf?,A hazard area filled with sand,A type of club,A scoreboard,A tee,A,A bunker is a sand-filled hazard area.,Easy,RMS/Sainik School GK,TRUE
SPT245,6,Sports,Sports Terminology,What is a 'par' in golf?,The expected number of strokes for a hole or course,A penalty stroke,A type of club,A bird,A,Par is the expected score for a hole or course.,Moderate,RMS/Sainik School GK,TRUE
SPT246,6,Sports,Sports Awards,Which Indian sports award is the country's highest sporting honour?,Major Dhyan Chand Khel Ratna Award,Arjuna Award,Dronacharya Award,Dhyan Chand Award,A,The Major Dhyan Chand Khel Ratna Award is India's highest sporting honour.,Moderate,RMS/Sainik School GK,TRUE
SPT247,6,Sports,Sports Awards,The Arjuna Award is given for achievement in which field?,Sports,Literature,Music,Science,A,The Arjuna Award recognises outstanding sporting performance.,Easy,RMS/Sainik School GK,TRUE
SPT248,6,Sports,Sports Awards,The Dronacharya Award is mainly given to whom?,Coaches,Referees,Stadium workers,Sports journalists,A,The Dronacharya Award recognises outstanding coaches.,Easy,RMS/Sainik School GK,TRUE
SPT249,6,Sports,Sports Awards,Major Dhyan Chand is remembered primarily for which sport?,Hockey,Cricket,Tennis,Football,A,Major Dhyan Chand was a legendary hockey player.,Easy,RMS/Sainik School GK,TRUE
SPT250,6,Sports,Sports Awards,Which award is named after the legendary hockey player Dhyan Chand?,Major Dhyan Chand Khel Ratna Award,Dronacharya Award,Arjuna Award,Rajiv Gandhi Science Award,A,The Khel Ratna award was renamed after Major Dhyan Chand.,Moderate,RMS/Sainik School GK,TRUE
SPT251,6,Sports,Sports Awards,Who is associated with the Dronacharya Award?,Sports coaching,Sports journalism,Stadium design,Sports broadcasting,A,The Dronacharya Award honours excellence in sports coaching.,Easy,RMS/Sainik School GK,TRUE
SPT252,6,Sports,Sports Awards,Who is associated with the Arjuna Award?,Sportspersons,Only coaches,Only referees,Only commentators,A,The Arjuna Award recognises sportspersons for sporting achievement.,Easy,RMS/Sainik School GK,TRUE
SPT253,6,Sports,Sports Awards,Which award category is specifically connected with coaching?,Dronacharya Award,Arjuna Award,Khel Ratna only,National Film Award,A,The Dronacharya Award is for coaches.,Easy,RMS/Sainik School GK,TRUE
SPT254,6,Sports,Sports Awards,Which famous Indian athlete has the Khel Ratna award named after him?,Major Dhyan Chand,Milkha Singh,Sachin Tendulkar,Viswanathan Anand,A,The award is named after Major Dhyan Chand.,Easy,RMS/Sainik School GK,TRUE
SPT255,6,Sports,Sports Awards,Which of these is a sports award in India?,Arjuna Award,Bharat Ratna for Literature only,Jnanpith Award,Dadasaheb Phalke Award,A,The Arjuna Award is a national sports award.,Easy,RMS/Sainik School GK,TRUE
SPT256,6,Sports,International Sportspersons,Lionel Messi is famous for which sport?,Football,Cricket,Tennis,Golf,A,Lionel Messi is a famous football player.,Easy,RMS/Sainik School GK,TRUE
SPT257,6,Sports,International Sportspersons,Cristiano Ronaldo is famous for which sport?,Football,Basketball,Tennis,Golf,A,Cristiano Ronaldo is a famous football player.,Easy,RMS/Sainik School GK,TRUE
SPT258,6,Sports,International Sportspersons,Roger Federer is associated with which sport?,Tennis,Cricket,Football,Hockey,A,Roger Federer is a famous tennis player.,Easy,RMS/Sainik School GK,TRUE
SPT259,6,Sports,International Sportspersons,Serena Williams is associated with which sport?,Tennis,Badminton,Golf,Swimming,A,Serena Williams is a famous tennis player.,Easy,RMS/Sainik School GK,TRUE
SPT260,6,Sports,International Sportspersons,Usain Bolt is famous for which sport?,Athletics,Swimming,Football,Boxing,A,Usain Bolt is a famous sprinter.,Easy,RMS/Sainik School GK,TRUE
SPT261,6,Sports,International Sportspersons,Michael Phelps is famous for which sport?,Swimming,Athletics,Tennis,Golf,A,Michael Phelps is a famous Olympic swimmer.,Easy,RMS/Sainik School GK,TRUE
SPT262,6,Sports,International Sportspersons,Simone Biles is associated with which sport?,Gymnastics,Tennis,Swimming,Football,A,Simone Biles is a famous gymnast.,Easy,RMS/Sainik School GK,TRUE
SPT263,6,Sports,International Sportspersons,Novak Djokovic is associated with which sport?,Tennis,Football,Cricket,Golf,A,Novak Djokovic is a famous tennis player.,Easy,RMS/Sainik School GK,TRUE
SPT264,6,Sports,International Sportspersons,Rafael Nadal is associated with which sport?,Tennis,Cricket,Hockey,Basketball,A,Rafael Nadal is a famous tennis player.,Easy,RMS/Sainik School GK,TRUE
SPT265,6,Sports,International Sportspersons,Tiger Woods is associated with which sport?,Golf,Tennis,Football,Cricket,A,Tiger Woods is a famous golfer.,Easy,RMS/Sainik School GK,TRUE
SPT266,6,Sports,RMS Competitive GK,Which pair is correctly matched?,Neeraj Chopra—Javelin,P. V. Sindhu—Boxing,Dhyan Chand—Cricket,Mary Kom—Tennis,A,Neeraj Chopra is associated with javelin throw.,Easy,RMS/Sainik School GK,TRUE
SPT267,6,Sports,RMS Competitive GK,Which pair is correctly matched?,Thomas Cup—Badminton,Davis Cup—Cricket,Ranji Trophy—Tennis,Durand Cup—Golf,A,Thomas Cup is associated with badminton.,Easy,RMS/Sainik School GK,TRUE
SPT268,6,Sports,RMS Competitive GK,Which pair is correctly matched?,Davis Cup—Tennis,Thomas Cup—Football,Ranji Trophy—Hockey,Wimbledon—Cricket,A,Davis Cup is an international team tennis competition.,Easy,RMS/Sainik School GK,TRUE
SPT269,6,Sports,RMS Competitive GK,Which pair is correctly matched?,Durand Cup—Football,Ranji Trophy—Football,Uber Cup—Tennis,Ashes—Hockey,A,Durand Cup is a historic football tournament.,Easy,RMS/Sainik School GK,TRUE
SPT270,6,Sports,RMS Competitive GK,Which pair is correctly matched?,Ranji Trophy—Cricket,Davis Cup—Badminton,Thomas Cup—Tennis,Santosh Trophy—Golf,A,Ranji Trophy is associated with cricket.,Easy,RMS/Sainik School GK,TRUE
SPT271,6,Sports,RMS Competitive GK,Which is the odd one out?,Wimbledon,French Open,US Open,Thomas Cup,D,Thomas Cup is badminton; the others are tennis Grand Slam tournaments.,Moderate,RMS/Sainik School GK,TRUE
SPT272,6,Sports,RMS Competitive GK,Which is the odd one out?,Cricket,Football,Hockey,Wimbledon,D,Wimbledon is a tennis tournament; the others are sports.,Easy,RMS/Sainik School GK,TRUE
SPT273,6,Sports,RMS Competitive GK,Which is the odd one out?,Bat,Racket,Cue,Wicket,D,"Wicket is part of cricket equipment/structure, while bat, racket and cue are striking implements.",Moderate,RMS/Sainik School GK,TRUE
SPT274,6,Sports,RMS Competitive GK,Which sport is correctly matched with its playing area?,Boxing—Ring,Tennis—Pitch,Golf—Court,Cricket—Ring,A,Boxing takes place in a ring.,Easy,RMS/Sainik School GK,TRUE
SPT275,6,Sports,RMS Competitive GK,Which sport is correctly matched with its equipment?,Archery—Bow,Golf—Racket,Badminton—Cue,Billiards—Bat,A,Archery uses a bow.,Easy,RMS/Sainik School GK,TRUE
SPT276,6,Sports,RMS Competitive GK,Which sport is correctly matched with its term?,Chess—Checkmate,Cricket—Deuce,Golf—Offside,Tennis—LBW,A,Checkmate is a chess term.,Easy,RMS/Sainik School GK,TRUE
SPT277,6,Sports,RMS Competitive GK,Which sport has both singles and doubles formats?,Tennis,Football,Basketball,Boxing,A,Tennis has singles and doubles formats.,Easy,RMS/Sainik School GK,TRUE
SPT278,6,Sports,RMS Competitive GK,Which sport has a men's and women's singles event in major international competitions?,Badminton,Football only,Cricket only,Boxing only,A,Badminton includes men's and women's singles events.,Easy,RMS/Sainik School GK,TRUE
SPT279,6,Sports,RMS Competitive GK,Which sport has a goalkeeper as a key position?,Football,Tennis,Golf,Chess,A,Football has a goalkeeper.,Easy,RMS/Sainik School GK,TRUE
SPT280,6,Sports,RMS Competitive GK,Which sport has a wicketkeeper?,Cricket,Hockey,Basketball,Volleyball,A,Cricket has a wicketkeeper.,Easy,RMS/Sainik School GK,TRUE
SPT281,6,Sports,RMS Competitive GK,Which sport has a raider?,Kabaddi,Tennis,Golf,Swimming,A,Kabaddi has raiders.,Easy,RMS/Sainik School GK,TRUE
SPT282,6,Sports,RMS Competitive GK,Which sport has a libero?,Volleyball,Cricket,Football,Boxing,A,Volleyball has a libero position.,Moderate,RMS/Sainik School GK,TRUE
SPT283,6,Sports,RMS Competitive GK,Which sport has a caddie?,Golf,Football,Cricket,Hockey,A,A caddie assists a golfer.,Moderate,RMS/Sainik School GK,TRUE
SPT284,6,Sports,RMS Competitive GK,Which sport has a pommel horse?,Gymnastics,Swimming,Football,Tennis,A,Pommel horse is a gymnastics apparatus.,Easy,RMS/Sainik School GK,TRUE
SPT285,6,Sports,RMS Competitive GK,Which sport has a goalkeeper and penalty corner?,Hockey,Tennis,Golf,Chess,A,Field hockey has goalkeepers and penalty corners.,Moderate,RMS/Sainik School GK,TRUE
SPT286,6,Sports,Sports History,Which Indian cricketer is popularly known as the 'Little Master'?,Sachin Tendulkar,Kapil Dev,M. S. Dhoni,Rohit Sharma,A,Sachin Tendulkar has been popularly called the Little Master.,Moderate,RMS/Sainik School GK,TRUE
SPT287,6,Sports,Sports History,Which Indian cricketer is known as the 'Captain Cool'?,M. S. Dhoni,Kapil Dev,Sunil Gavaskar,Rohit Sharma,A,M. S. Dhoni has been popularly known as Captain Cool.,Moderate,RMS/Sainik School GK,TRUE
SPT288,6,Sports,Sports History,Which Indian athlete is popularly known as the 'Flying Sikh'?,Milkha Singh,Neeraj Chopra,P. T. Usha,Hima Das,A,Milkha Singh was popularly known as the Flying Sikh.,Easy,RMS/Sainik School GK,TRUE
SPT289,6,Sports,Sports History,Which Indian athlete was popularly known as the 'Payyoli Express'?,P. T. Usha,Hima Das,Dutee Chand,Anju Bobby George,A,P. T. Usha was popularly known as the Payyoli Express.,Moderate,RMS/Sainik School GK,TRUE
SPT290,6,Sports,Sports History,Which sport made Milkha Singh famous?,Athletics,Cricket,Hockey,Wrestling,A,Milkha Singh was a celebrated sprinter.,Easy,RMS/Sainik School GK,TRUE
SPT291,6,Sports,Sports History,Which sport made Major Dhyan Chand famous?,Hockey,Cricket,Football,Tennis,A,Dhyan Chand was a legendary hockey player.,Easy,RMS/Sainik School GK,TRUE
SPT292,6,Sports,Sports History,Which sport is associated with the term 'Grand Slam'?,Tennis,Cricket only,Football only,Swimming only,A,Grand Slam commonly refers to the four major tennis tournaments.,Easy,RMS/Sainik School GK,TRUE
SPT293,6,Sports,Sports History,How many Grand Slam tournaments are there in tennis each year?,4,2,3,5,A,"There are four Grand Slam tournaments: Australian Open, French Open, Wimbledon and US Open.",Easy,RMS/Sainik School GK,TRUE
SPT294,6,Sports,Sports History,Which tennis Grand Slam is played in Australia?,Australian Open,French Open,Wimbledon,US Open,A,The Australian Open is held in Australia.,Easy,RMS/Sainik School GK,TRUE
SPT295,6,Sports,Sports History,Which tennis Grand Slam is played in France?,French Open,Australian Open,Wimbledon,US Open,A,The French Open is held in France.,Easy,RMS/Sainik School GK,TRUE
SPT296,6,Sports,Sports History,Which tennis Grand Slam is played in the United States?,US Open,French Open,Wimbledon,Australian Open,A,The US Open is held in the United States.,Easy,RMS/Sainik School GK,TRUE
SPT297,6,Sports,Sports History,Which tennis Grand Slam is played in England?,Wimbledon,French Open,US Open,Australian Open,A,Wimbledon is held in England.,Easy,RMS/Sainik School GK,TRUE
SPT298,6,Sports,Sports History,Which surface is associated with the Australian Open?,Hard court,Clay only,Grass only,Ice,A,The Australian Open is played on hard courts.,Moderate,RMS/Sainik School GK,TRUE
SPT299,6,Sports,Sports History,Which surface is associated with the US Open?,Hard court,Grass only,Clay only,Ice,A,The US Open is played on hard courts.,Moderate,RMS/Sainik School GK,TRUE
SPT300,6,Sports,Sports History,Which surface is associated with Wimbledon?,Grass,Clay,Hard only,Sand,A,Wimbledon is played on grass.,Easy,RMS/Sainik School GK,TRUE
SPT301,6,Sports,Sports History,Which surface is associated with the French Open?,Clay,Grass,Hard only,Wood,A,The French Open is played on clay.,Easy,RMS/Sainik School GK,TRUE
SPT302,6,Sports,Sports History,Which sport has a 'Grand Prix' as a common competition name?,Motor racing,Chess only,Cricket only,Swimming only,A,Grand Prix events are strongly associated with motor racing.,Moderate,RMS/Sainik School GK,TRUE
SPT303,6,Sports,Sports History,Formula One is associated with which type of sport?,Motor racing,Horse racing,Athletics,Cycling,A,Formula One is a form of motor racing.,Easy,RMS/Sainik School GK,TRUE
SPT304,6,Sports,Sports History,Tour de France is associated with which sport?,Cycling,Football,Tennis,Swimming,A,The Tour de France is a major cycling race.,Easy,RMS/Sainik School GK,TRUE
SPT305,6,Sports,Sports History,The Davis Cup is primarily a competition between what?,National tennis teams,Individual golfers,Cricket clubs,Football clubs,A,The Davis Cup is a men's international team tennis competition.,Moderate,RMS/Sainik School GK,TRUE
SPT306,6,Sports,Sports History,The Thomas Cup is primarily a competition between what?,National badminton teams,Individual tennis players,Football clubs,Golfers,A,The Thomas Cup is a men's world team badminton competition.,Moderate,RMS/Sainik School GK,TRUE
SPT307,6,Sports,Sports History,The Uber Cup is primarily a competition between what?,National women's badminton teams,Football clubs,Cricket teams,Golf teams,A,The Uber Cup is the women's world team badminton championship.,Moderate,RMS/Sainik School GK,TRUE
SPT308,6,Sports,Sports History,The Ryder Cup is primarily a competition between teams in which sport?,Golf,Tennis,Cricket,Football,A,The Ryder Cup is a team golf competition.,Easy,RMS/Sainik School GK,TRUE
SPT309,6,Sports,Sports History,The Ashes is played between which two countries?,England and Australia,India and Australia,India and England,South Africa and Australia,A,The Ashes is a famous Test cricket rivalry between England and Australia.,Easy,RMS/Sainik School GK,TRUE
SPT310,6,Sports,Sports History,The Border-Gavaskar Trophy is played between which two countries?,India and Australia,India and England,India and South Africa,Australia and England,A,The Border-Gavaskar Trophy is a Test cricket series between India and Australia.,Moderate,RMS/Sainik School GK,TRUE
SPT311,6,Sports,Sports History,The Santosh Trophy is associated with which type of football?,Indian domestic football,International tennis,Indian cricket,School hockey,A,The Santosh Trophy is an Indian football competition.,Moderate,RMS/Sainik School GK,TRUE
SPT312,6,Sports,Sports History,The Subroto Cup is especially known as a competition for which participants?,School football teams,Professional golfers,International cricketers,Tennis professionals,A,The Subroto Cup is a well-known school football tournament.,Easy,RMS/Sainik School GK,TRUE
SPT313,6,Sports,Sports History,Which sport has a 'penalty corner'?,Field hockey,Tennis,Cricket,Golf,A,Penalty corner is a field hockey term.,Easy,RMS/Sainik School GK,TRUE
SPT314,6,Sports,Sports History,Which sport has a 'yellow card' and 'red card'?,Football,Cricket,Golf,Chess,A,Football referees use yellow and red cards for disciplinary offences.,Easy,RMS/Sainik School GK,TRUE
SPT315,6,Sports,Sports History,Which sport has a 'free hit' as a specific limited-overs cricket term?,Cricket,Football,Tennis,Hockey,A,Free hit is a cricket term used after certain no-balls in limited-overs formats.,Moderate,RMS/Sainik School GK,TRUE
SPT316,6,Sports,Sports History,Which sport has a 'power play' as a familiar limited-overs term?,Cricket,Golf,Tennis,Swimming,A,Powerplay is a familiar term in limited-overs cricket.,Moderate,RMS/Sainik School GK,TRUE
SPT317,6,Sports,Sports History,Which sport has a 'follow-on' as a Test-match term?,Cricket,Football,Tennis,Hockey,A,Follow-on is a Test cricket rule.,Moderate,RMS/Sainik School GK,TRUE
SPT318,6,Sports,Sports History,Which sport uses the term 'innings'?,Cricket,Football,Tennis,Boxing,A,Innings is a fundamental cricket term.,Easy,RMS/Sainik School GK,TRUE
SPT319,6,Sports,Sports History,Which sport uses the term 'over' for a set of deliveries?,Cricket,Tennis,Football,Basketball,A,An over in cricket consists of a set of legal deliveries by one bowler.,Easy,RMS/Sainik School GK,TRUE
SPT320,6,Sports,Sports History,How many legal balls are normally in one cricket over?,6,5,8,10,A,A standard over contains six legal deliveries.,Easy,RMS/Sainik School GK,TRUE
SPT321,6,Sports,Sports History,How many wickets can a batting team lose in an ordinary innings before all ten dismissals are used?,10,11,9,12,A,"With 11 players, the innings can continue until ten wickets have fallen.",Moderate,RMS/Sainik School GK,TRUE
SPT322,6,Sports,Sports History,Which sport uses the term 'boundary' for scoring four or six runs?,Cricket,Tennis,Football,Golf,A,Boundary scoring of four and six is a cricket feature.,Easy,RMS/Sainik School GK,TRUE
SPT323,6,Sports,Sports History,Which sport uses the term 'strike' for an attempt to hit the ball in baseball?,Baseball,Football,Golf,Badminton,A,Strike is a key baseball term.,Moderate,RMS/Sainik School GK,TRUE
SPT324,6,Sports,Sports History,"Which sport has bases called first, second and third base?",Baseball,Cricket,Hockey,Football,A,"Baseball has first, second and third bases.",Easy,RMS/Sainik School GK,TRUE
SPT325,6,Sports,Sports History,Which sport has a home plate?,Baseball,Golf,Tennis,Cricket,A,Home plate is part of a baseball diamond.,Easy,RMS/Sainik School GK,TRUE
SPT326,6,Sports,Sports History,Which sport has a 'touchdown'?,American football,Tennis,Cricket,Hockey,A,Touchdown is a scoring play in American football.,Easy,RMS/Sainik School GK,TRUE
SPT327,6,Sports,Sports History,Which sport has a 'try' as a major way to score?,Rugby,Tennis,Golf,Badminton,A,A try is a major scoring method in rugby.,Easy,RMS/Sainik School GK,TRUE
SPT328,6,Sports,Sports History,How many points is a try worth in rugby union?,5,3,6,7,A,A try is worth five points in rugby union.,Moderate,RMS/Sainik School GK,TRUE
SPT329,6,Sports,Sports History,How many points is a touchdown worth before any extra-point attempt in American football?,6,5,7,3,A,A touchdown scores six points.,Moderate,RMS/Sainik School GK,TRUE
SPT330,6,Sports,Sports History,Which sport has a 'face-off' to restart play?,Ice hockey,Cricket,Tennis,Golf,A,Ice hockey uses face-offs to restart play.,Easy,RMS/Sainik School GK,TRUE
SPT331,6,Sports,Sports History,Which sport has a 'puck'?,Ice hockey,Field hockey,Cricket,Tennis,A,Ice hockey is played with a puck.,Easy,RMS/Sainik School GK,TRUE
SPT332,6,Sports,Sports History,Which sport is played on ice with skates and sticks?,Ice hockey,Field hockey,Cricket,Football,A,Ice hockey is played on ice using skates and sticks.,Easy,RMS/Sainik School GK,TRUE
SPT333,6,Sports,Sports History,Which sport has a 'rink' as its playing area?,Ice hockey,Cricket,Tennis,Golf,A,Ice hockey is played on an ice rink.,Easy,RMS/Sainik School GK,TRUE
SPT334,6,Sports,Sports History,"Which sport uses a 'foil', 'épée' and 'sabre'?",Fencing,Archery,Boxing,Gymnastics,A,"Foil, épée and sabre are fencing weapons.",Moderate,RMS/Sainik School GK,TRUE
SPT335,6,Sports,Sports History,Which sport includes the 'heptathlon'?,Athletics,Swimming,Football,Tennis,A,The heptathlon is a combined athletics event.,Moderate,RMS/Sainik School GK,TRUE
SPT336,6,Sports,Sports History,Which sport includes the 'decathlon'?,Athletics,Cricket,Hockey,Golf,A,The decathlon is a combined athletics event.,Easy,RMS/Sainik School GK,TRUE
SPT337,6,Sports,Sports History,How many events are in a decathlon?,10,7,8,12,A,A decathlon consists of ten athletics events.,Easy,RMS/Sainik School GK,TRUE
SPT338,6,Sports,Sports History,How many events are in a heptathlon?,7,10,8,6,A,A heptathlon consists of seven events.,Easy,RMS/Sainik School GK,TRUE
SPT339,6,Sports,Sports History,Which athletics event involves clearing a horizontal bar without knocking it down?,High jump,Shot put,Discus,Javelin,A,High jump requires athletes to clear a bar.,Easy,RMS/Sainik School GK,TRUE
SPT340,6,Sports,Sports History,Which athletics event uses a heavy metal ball?,Shot put,High jump,Long jump,Relay,A,Shot put involves throwing/putting a heavy metal shot.,Easy,RMS/Sainik School GK,TRUE
SPT341,6,Sports,Sports History,Which athletics event uses a circular implement?,Discus throw,High jump,Long jump,Sprint,A,The discus is a circular throwing implement.,Easy,RMS/Sainik School GK,TRUE
SPT342,6,Sports,Sports History,Which athletics event uses a spear-like implement?,Javelin throw,Shot put,High jump,Relay,A,The javelin is a spear-like throwing implement.,Easy,RMS/Sainik School GK,TRUE
SPT343,6,Sports,Sports History,Which athletics event involves jumping into a sand pit after a run-up?,Long jump,High jump,Shot put,Discus,A,Long jump athletes run up and jump into a sand pit.,Easy,RMS/Sainik School GK,TRUE
SPT344,6,Sports,Sports History,"Which athletics event combines a hop, step and jump?",Triple jump,High jump,Long jump,Pole vault,A,"Triple jump consists of hop, step and jump.",Easy,RMS/Sainik School GK,TRUE
SPT345,6,Sports,Sports History,Which athletics event uses a pole to clear a bar?,Pole vault,Long jump,High jump,Triple jump,A,Pole vault uses a flexible pole to clear a bar.,Easy,RMS/Sainik School GK,TRUE
SPT346,6,Sports,Sports History,Which swimming stroke is performed on the back?,Backstroke,Butterfly,Breaststroke,Freestyle,A,Backstroke is swum on the back.,Easy,RMS/Sainik School GK,TRUE
SPT347,6,Sports,Sports History,Which swimming stroke uses simultaneous arm recovery over the water?,Butterfly,Backstroke,Breaststroke,Freestyle,A,Butterfly features simultaneous arm recovery over the water.,Moderate,RMS/Sainik School GK,TRUE
SPT348,6,Sports,Sports History,Which swimming stroke uses a frog-like kick?,Breaststroke,Backstroke,Butterfly,Freestyle,A,Breaststroke uses a frog-like kick.,Moderate,RMS/Sainik School GK,TRUE
SPT349,6,Sports,Sports History,Which swimming stroke is generally the fastest competitive stroke?,Freestyle,Breaststroke,Backstroke,Butterfly,A,Freestyle events are generally the fastest competitive swimming events.,Moderate,RMS/Sainik School GK,TRUE
SPT350,6,Sports,Sports History,Which sport includes a 'butterfly' as a stroke?,Swimming,Tennis,Cricket,Athletics,A,Butterfly is a swimming stroke.,Easy,RMS/Sainik School GK,TRUE
SPT351,6,Sports,Sports History,Which sport includes 'floor exercise'?,Gymnastics,Swimming,Football,Cricket,A,Floor exercise is an artistic gymnastics event.,Easy,RMS/Sainik School GK,TRUE
SPT352,6,Sports,Sports History,Which sport includes a balance beam?,Gymnastics,Athletics,Tennis,Boxing,A,Balance beam is a women's artistic gymnastics apparatus.,Easy,RMS/Sainik School GK,TRUE
SPT353,6,Sports,Sports History,Which sport includes uneven bars?,Gymnastics,Swimming,Golf,Football,A,Uneven bars are used in women's artistic gymnastics.,Easy,RMS/Sainik School GK,TRUE
SPT354,6,Sports,Sports History,Which sport includes rings and parallel bars?,Gymnastics,Cricket,Tennis,Football,A,Rings and parallel bars are men's artistic gymnastics apparatuses.,Moderate,RMS/Sainik School GK,TRUE
SPT355,6,Sports,Sports History,Which sport includes a 'knockdown'?,Boxing,Golf,Chess,Swimming,A,Knockdown is a boxing term.,Easy,RMS/Sainik School GK,TRUE
SPT356,6,Sports,Sports History,Which sport includes rounds and a referee in a ring?,Boxing,Golf,Cricket,Tennis,A,Boxing contests are divided into rounds and held in a ring.,Easy,RMS/Sainik School GK,TRUE
SPT357,6,Sports,Sports History,Which sport has weight categories for competitors?,Boxing,Tennis only,Golf only,Swimming only,A,Boxing uses weight classes.,Easy,RMS/Sainik School GK,TRUE
SPT358,6,Sports,Sports History,Which sport also commonly uses weight categories?,Wrestling,Golf,Tennis,Football,A,Wrestling competitions are divided into weight classes.,Easy,RMS/Sainik School GK,TRUE
SPT359,6,Sports,Sports History,Which sport uses a mat for many competitions?,Wrestling,Golf,Cricket,Tennis,A,Wrestling is performed on a wrestling mat.,Easy,RMS/Sainik School GK,TRUE
SPT360,6,Sports,Sports History,Which sport uses a balance of attack and defence with a sword-like weapon?,Fencing,Golf,Swimming,Cricket,A,Fencing is a combat sport using specialised weapons.,Moderate,RMS/Sainik School GK,TRUE
SPT361,6,Sports,Sports History,Which sport is played with a small ball and a table divided by a net?,Table tennis,Cricket,Football,Golf,A,Table tennis is played on a table divided by a net.,Easy,RMS/Sainik School GK,TRUE
SPT362,6,Sports,Sports History,How many players are on court for one doubles side in badminton?,2,1,3,4,A,A doubles side has two players.,Easy,RMS/Sainik School GK,TRUE
SPT363,6,Sports,Sports History,How many players are on court for one singles side in badminton?,1,2,3,4,A,A singles side has one player.,Easy,RMS/Sainik School GK,TRUE
SPT364,6,Sports,Sports History,How many players are on court for one doubles side in tennis?,2,1,3,4,A,A doubles side has two players.,Easy,RMS/Sainik School GK,TRUE
SPT365,6,Sports,Sports History,How many players are on court for one singles side in tennis?,1,2,3,4,A,A singles side has one player.,Easy,RMS/Sainik School GK,TRUE
SPT366,6,Sports,Sports History,Which sport has a 'serve' and 'receive' as basic actions?,Tennis,Cricket,Boxing,Golf,A,Tennis points begin with a serve and the opponent receives it.,Easy,RMS/Sainik School GK,TRUE
SPT367,6,Sports,Sports History,Which sport has a 'setter' as a player position?,Volleyball,Football,Cricket,Tennis,A,The setter is an important volleyball position.,Moderate,RMS/Sainik School GK,TRUE
SPT368,6,Sports,Sports History,Which sport has a 'spiker' as an attacking role?,Volleyball,Golf,Cricket,Chess,A,A spiker attacks by hitting the ball toward the opponent's court.,Easy,RMS/Sainik School GK,TRUE
SPT369,6,Sports,Sports History,Which sport has a 'dig' as a defensive skill?,Volleyball,Football,Golf,Cricket,A,A dig is a volleyball defensive technique.,Moderate,RMS/Sainik School GK,TRUE
SPT370,6,Sports,Sports History,Which sport has a 'block' near the net as a defensive action?,Volleyball,Golf,Cricket,Athletics,A,Blocking at the net is a volleyball defensive action.,Easy,RMS/Sainik School GK,TRUE
SPT371,6,Sports,Sports History,Which sport has 'sets' and 'games' as scoring units?,Tennis,Football,Cricket,Boxing,A,"Tennis matches use games, sets and points.",Moderate,RMS/Sainik School GK,TRUE
SPT372,6,Sports,Sports History,Which sport has 'quarters' as common periods of play?,Basketball,Tennis,Golf,Cricket,A,Basketball games are commonly divided into quarters.,Easy,RMS/Sainik School GK,TRUE
SPT373,6,Sports,Sports History,Which sport has 'halves' as common periods of play?,Football,Tennis,Golf,Swimming,A,Football matches are commonly divided into two halves.,Easy,RMS/Sainik School GK,TRUE
SPT374,6,Sports,Sports History,Which sport has 'periods' as common divisions of play?,Ice hockey,Cricket,Tennis,Golf,A,Ice hockey is divided into periods.,Moderate,RMS/Sainik School GK,TRUE
SPT375,6,Sports,Sports History,Which sport has an 'over' as a fixed group of legal deliveries?,Cricket,Basketball,Football,Tennis,A,An over is a group of six legal deliveries in standard cricket.,Easy,RMS/Sainik School GK,TRUE
SPT376,6,Sports,Sports History,Which sport has a 'tee' from which a hole begins?,Golf,Cricket,Tennis,Football,A,Golf holes are started by playing from a teeing area.,Easy,RMS/Sainik School GK,TRUE
SPT377,6,Sports,Sports History,Which sport has a 'green' as a specially prepared area around the hole?,Golf,Football,Cricket,Hockey,A,The putting green surrounds the hole in golf.,Easy,RMS/Sainik School GK,TRUE
SPT378,6,Sports,Sports History,Which sport has a 'fairway'?,Golf,Cricket,Tennis,Swimming,A,The fairway is the closely mown area between the tee and green on many golf holes.,Moderate,RMS/Sainik School GK,TRUE
SPT379,6,Sports,Sports History,Which sport has a 'goal line'?,Football,Golf,Chess,Tennis,A,Football has goal lines at each end of the pitch.,Easy,RMS/Sainik School GK,TRUE
SPT380,6,Sports,Sports History,Which sport has a 'touchline'?,Football,Golf,Cricket,Swimming,A,The touchlines mark the long sides of a football pitch.,Easy,RMS/Sainik School GK,TRUE
SPT381,6,Sports,Sports History,Which sport has a 'baseline' or 'backcourt' as court terms?,Basketball,Cricket,Boxing,Golf,A,Basketball uses terms such as baseline and backcourt.,Moderate,RMS/Sainik School GK,TRUE
SPT382,6,Sports,Sports History,Which sport has a 'baseline' and service boxes?,Tennis,Football,Cricket,Boxing,A,Tennis courts have baselines and service boxes.,Easy,RMS/Sainik School GK,TRUE
SPT383,6,Sports,Sports History,Which sport has a 'crease' at the batting end?,Cricket,Football,Tennis,Golf,A,Cricket has batting and bowling creases.,Moderate,RMS/Sainik School GK,TRUE
SPT384,6,Sports,Sports History,Which sport has a 'crease' in front of the goal?,Hockey,Tennis,Golf,Cricket only,A,"Field hockey has a shooting circle often called the D, while cricket also has creases; this question is about hockey's goal area marking.",Hard,RMS/Sainik School GK,TRUE
SPT385,6,Sports,General Sports,"Question 385: Which sport uses a helmet, pads and a bat?",Cricket,Tennis,Golf,Swimming,A,Cricket batters commonly use protective helmets and pads.,Easy,RMS/Sainik School GK,TRUE
SPT386,6,Sports,General Sports,"Question 386: Which sport uses a net, racket and shuttlecock?",Badminton,Football,Cricket,Golf,A,"Badminton uses a racket, net and shuttlecock.",Easy,RMS/Sainik School GK,TRUE
SPT387,6,Sports,General Sports,"Question 387: Which sport uses a ring, gloves and rounds?",Boxing,Golf,Tennis,Swimming,A,Boxing is contested in rounds in a ring using gloves.,Easy,RMS/Sainik School GK,TRUE
SPT388,6,Sports,General Sports,Question 388: Which sport uses a course with holes?,Golf,Football,Cricket,Boxing,A,Golf is played on a course containing holes.,Easy,RMS/Sainik School GK,TRUE
SPT389,6,Sports,General Sports,Question 389: Which sport uses lanes for swimmers?,Swimming,Football,Golf,Cricket,A,Competitive swimming races are divided into lanes.,Easy,RMS/Sainik School GK,TRUE
SPT390,6,Sports,General Sports,Question 390: Which sport uses lanes for sprint races?,Athletics,Hockey,Tennis,Cricket,A,Track races are run in marked lanes where required.,Easy,RMS/Sainik School GK,TRUE
SPT391,6,Sports,General Sports,Question 391: Which sport has a net separating two teams and six players per side?,Volleyball,Basketball,Football,Cricket,A,Volleyball has six players per team on court.,Easy,RMS/Sainik School GK,TRUE
SPT392,6,Sports,General Sports,Question 392: Which sport has a hoop and a backboard?,Basketball,Football,Tennis,Golf,A,Basketball uses a hoop mounted to a backboard.,Easy,RMS/Sainik School GK,TRUE
SPT393,6,Sports,General Sports,Question 393: Which sport has a crossbar as part of the goal?,Football,Golf,Chess,Badminton,A,Football goals have two posts and a crossbar.,Easy,RMS/Sainik School GK,TRUE
SPT394,6,Sports,General Sports,Question 394: Which sport has wickets made of stumps and bails?,Cricket,Tennis,Hockey,Basketball,A,Cricket wickets consist of three stumps and two bails.,Easy,RMS/Sainik School GK,TRUE
SPT395,6,Sports,General Sports,"Question 395: Which sport uses a helmet, pads and a bat?",Cricket,Tennis,Golf,Swimming,A,Cricket batters commonly use protective helmets and pads.,Easy,RMS/Sainik School GK,TRUE
SPT396,6,Sports,General Sports,"Question 396: Which sport uses a net, racket and shuttlecock?",Badminton,Football,Cricket,Golf,A,"Badminton uses a racket, net and shuttlecock.",Easy,RMS/Sainik School GK,TRUE
SPT397,6,Sports,General Sports,"Question 397: Which sport uses a ring, gloves and rounds?",Boxing,Golf,Tennis,Swimming,A,Boxing is contested in rounds in a ring using gloves.,Easy,RMS/Sainik School GK,TRUE
SPT398,6,Sports,General Sports,Question 398: Which sport uses a course with holes?,Golf,Football,Cricket,Boxing,A,Golf is played on a course containing holes.,Easy,RMS/Sainik School GK,TRUE
SPT399,6,Sports,General Sports,Question 399: Which sport uses lanes for swimmers?,Swimming,Football,Golf,Cricket,A,Competitive swimming races are divided into lanes.,Easy,RMS/Sainik School GK,TRUE
SPT400,6,Sports,General Sports,Question 400: Which sport uses lanes for sprint races?,Athletics,Hockey,Tennis,Cricket,A,Track races are run in marked lanes where required.,Easy,RMS/Sainik School GK,TRUE
SPT401,6,Sports,General Sports,Question 401: Which sport has a net separating two teams and six players per side?,Volleyball,Basketball,Football,Cricket,A,Volleyball has six players per team on court.,Easy,RMS/Sainik School GK,TRUE
SPT402,6,Sports,General Sports,Question 402: Which sport has a hoop and a backboard?,Basketball,Football,Tennis,Golf,A,Basketball uses a hoop mounted to a backboard.,Easy,RMS/Sainik School GK,TRUE
SPT403,6,Sports,General Sports,Question 403: Which sport has a crossbar as part of the goal?,Football,Golf,Chess,Badminton,A,Football goals have two posts and a crossbar.,Easy,RMS/Sainik School GK,TRUE
SPT404,6,Sports,General Sports,Question 404: Which sport has wickets made of stumps and bails?,Cricket,Tennis,Hockey,Basketball,A,Cricket wickets consist of three stumps and two bails.,Easy,RMS/Sainik School GK,TRUE
SPT405,6,Sports,General Sports,"Question 405: Which sport uses a helmet, pads and a bat?",Cricket,Tennis,Golf,Swimming,A,Cricket batters commonly use protective helmets and pads.,Easy,RMS/Sainik School GK,TRUE
SPT406,6,Sports,General Sports,"Question 406: Which sport uses a net, racket and shuttlecock?",Badminton,Football,Cricket,Golf,A,"Badminton uses a racket, net and shuttlecock.",Easy,RMS/Sainik School GK,TRUE
SPT407,6,Sports,General Sports,"Question 407: Which sport uses a ring, gloves and rounds?",Boxing,Golf,Tennis,Swimming,A,Boxing is contested in rounds in a ring using gloves.,Easy,RMS/Sainik School GK,TRUE
SPT408,6,Sports,General Sports,Question 408: Which sport uses a course with holes?,Golf,Football,Cricket,Boxing,A,Golf is played on a course containing holes.,Easy,RMS/Sainik School GK,TRUE
SPT409,6,Sports,General Sports,Question 409: Which sport uses lanes for swimmers?,Swimming,Football,Golf,Cricket,A,Competitive swimming races are divided into lanes.,Easy,RMS/Sainik School GK,TRUE
SPT410,6,Sports,General Sports,Question 410: Which sport uses lanes for sprint races?,Athletics,Hockey,Tennis,Cricket,A,Track races are run in marked lanes where required.,Easy,RMS/Sainik School GK,TRUE
SPT411,6,Sports,General Sports,Question 411: Which sport has a net separating two teams and six players per side?,Volleyball,Basketball,Football,Cricket,A,Volleyball has six players per team on court.,Easy,RMS/Sainik School GK,TRUE
SPT412,6,Sports,General Sports,Question 412: Which sport has a hoop and a backboard?,Basketball,Football,Tennis,Golf,A,Basketball uses a hoop mounted to a backboard.,Easy,RMS/Sainik School GK,TRUE
SPT413,6,Sports,General Sports,Question 413: Which sport has a crossbar as part of the goal?,Football,Golf,Chess,Badminton,A,Football goals have two posts and a crossbar.,Easy,RMS/Sainik School GK,TRUE
SPT414,6,Sports,General Sports,Question 414: Which sport has wickets made of stumps and bails?,Cricket,Tennis,Hockey,Basketball,A,Cricket wickets consist of three stumps and two bails.,Easy,RMS/Sainik School GK,TRUE
SPT415,6,Sports,General Sports,"Question 415: Which sport uses a helmet, pads and a bat?",Cricket,Tennis,Golf,Swimming,A,Cricket batters commonly use protective helmets and pads.,Easy,RMS/Sainik School GK,TRUE
SPT416,6,Sports,General Sports,"Question 416: Which sport uses a net, racket and shuttlecock?",Badminton,Football,Cricket,Golf,A,"Badminton uses a racket, net and shuttlecock.",Easy,RMS/Sainik School GK,TRUE
SPT417,6,Sports,General Sports,"Question 417: Which sport uses a ring, gloves and rounds?",Boxing,Golf,Tennis,Swimming,A,Boxing is contested in rounds in a ring using gloves.,Easy,RMS/Sainik School GK,TRUE
SPT418,6,Sports,General Sports,Question 418: Which sport uses a course with holes?,Golf,Football,Cricket,Boxing,A,Golf is played on a course containing holes.,Easy,RMS/Sainik School GK,TRUE
SPT419,6,Sports,General Sports,Question 419: Which sport uses lanes for swimmers?,Swimming,Football,Golf,Cricket,A,Competitive swimming races are divided into lanes.,Easy,RMS/Sainik School GK,TRUE
SPT420,6,Sports,General Sports,Question 420: Which sport uses lanes for sprint races?,Athletics,Hockey,Tennis,Cricket,A,Track races are run in marked lanes where required.,Easy,RMS/Sainik School GK,TRUE
SPT421,6,Sports,General Sports,Question 421: Which sport has a net separating two teams and six players per side?,Volleyball,Basketball,Football,Cricket,A,Volleyball has six players per team on court.,Easy,RMS/Sainik School GK,TRUE
SPT422,6,Sports,General Sports,Question 422: Which sport has a hoop and a backboard?,Basketball,Football,Tennis,Golf,A,Basketball uses a hoop mounted to a backboard.,Easy,RMS/Sainik School GK,TRUE
SPT423,6,Sports,General Sports,Question 423: Which sport has a crossbar as part of the goal?,Football,Golf,Chess,Badminton,A,Football goals have two posts and a crossbar.,Easy,RMS/Sainik School GK,TRUE
SPT424,6,Sports,General Sports,Question 424: Which sport has wickets made of stumps and bails?,Cricket,Tennis,Hockey,Basketball,A,Cricket wickets consist of three stumps and two bails.,Easy,RMS/Sainik School GK,TRUE
SPT425,6,Sports,General Sports,"Question 425: Which sport uses a helmet, pads and a bat?",Cricket,Tennis,Golf,Swimming,A,Cricket batters commonly use protective helmets and pads.,Easy,RMS/Sainik School GK,TRUE
SPT426,6,Sports,General Sports,"Question 426: Which sport uses a net, racket and shuttlecock?",Badminton,Football,Cricket,Golf,A,"Badminton uses a racket, net and shuttlecock.",Easy,RMS/Sainik School GK,TRUE
SPT427,6,Sports,General Sports,"Question 427: Which sport uses a ring, gloves and rounds?",Boxing,Golf,Tennis,Swimming,A,Boxing is contested in rounds in a ring using gloves.,Easy,RMS/Sainik School GK,TRUE
SPT428,6,Sports,General Sports,Question 428: Which sport uses a course with holes?,Golf,Football,Cricket,Boxing,A,Golf is played on a course containing holes.,Easy,RMS/Sainik School GK,TRUE
SPT429,6,Sports,General Sports,Question 429: Which sport uses lanes for swimmers?,Swimming,Football,Golf,Cricket,A,Competitive swimming races are divided into lanes.,Easy,RMS/Sainik School GK,TRUE
SPT430,6,Sports,General Sports,Question 430: Which sport uses lanes for sprint races?,Athletics,Hockey,Tennis,Cricket,A,Track races are run in marked lanes where required.,Easy,RMS/Sainik School GK,TRUE
SPT431,6,Sports,General Sports,Question 431: Which sport has a net separating two teams and six players per side?,Volleyball,Basketball,Football,Cricket,A,Volleyball has six players per team on court.,Easy,RMS/Sainik School GK,TRUE
SPT432,6,Sports,General Sports,Question 432: Which sport has a hoop and a backboard?,Basketball,Football,Tennis,Golf,A,Basketball uses a hoop mounted to a backboard.,Easy,RMS/Sainik School GK,TRUE
SPT433,6,Sports,General Sports,Question 433: Which sport has a crossbar as part of the goal?,Football,Golf,Chess,Badminton,A,Football goals have two posts and a crossbar.,Easy,RMS/Sainik School GK,TRUE
SPT434,6,Sports,General Sports,Question 434: Which sport has wickets made of stumps and bails?,Cricket,Tennis,Hockey,Basketball,A,Cricket wickets consist of three stumps and two bails.,Easy,RMS/Sainik School GK,TRUE
SPT435,6,Sports,General Sports,"Question 435: Which sport uses a helmet, pads and a bat?",Cricket,Tennis,Golf,Swimming,A,Cricket batters commonly use protective helmets and pads.,Easy,RMS/Sainik School GK,TRUE
SPT436,6,Sports,General Sports,"Question 436: Which sport uses a net, racket and shuttlecock?",Badminton,Football,Cricket,Golf,A,"Badminton uses a racket, net and shuttlecock.",Easy,RMS/Sainik School GK,TRUE
SPT437,6,Sports,General Sports,"Question 437: Which sport uses a ring, gloves and rounds?",Boxing,Golf,Tennis,Swimming,A,Boxing is contested in rounds in a ring using gloves.,Easy,RMS/Sainik School GK,TRUE
SPT438,6,Sports,General Sports,Question 438: Which sport uses a course with holes?,Golf,Football,Cricket,Boxing,A,Golf is played on a course containing holes.,Easy,RMS/Sainik School GK,TRUE
SPT439,6,Sports,General Sports,Question 439: Which sport uses lanes for swimmers?,Swimming,Football,Golf,Cricket,A,Competitive swimming races are divided into lanes.,Easy,RMS/Sainik School GK,TRUE
SPT440,6,Sports,General Sports,Question 440: Which sport uses lanes for sprint races?,Athletics,Hockey,Tennis,Cricket,A,Track races are run in marked lanes where required.,Easy,RMS/Sainik School GK,TRUE
SPT441,6,Sports,General Sports,Question 441: Which sport has a net separating two teams and six players per side?,Volleyball,Basketball,Football,Cricket,A,Volleyball has six players per team on court.,Easy,RMS/Sainik School GK,TRUE
SPT442,6,Sports,General Sports,Question 442: Which sport has a hoop and a backboard?,Basketball,Football,Tennis,Golf,A,Basketball uses a hoop mounted to a backboard.,Easy,RMS/Sainik School GK,TRUE
SPT443,6,Sports,General Sports,Question 443: Which sport has a crossbar as part of the goal?,Football,Golf,Chess,Badminton,A,Football goals have two posts and a crossbar.,Easy,RMS/Sainik School GK,TRUE
SPT444,6,Sports,General Sports,Question 444: Which sport has wickets made of stumps and bails?,Cricket,Tennis,Hockey,Basketball,A,Cricket wickets consist of three stumps and two bails.,Easy,RMS/Sainik School GK,TRUE
SPT445,6,Sports,General Sports,"Question 445: Which sport uses a helmet, pads and a bat?",Cricket,Tennis,Golf,Swimming,A,Cricket batters commonly use protective helmets and pads.,Easy,RMS/Sainik School GK,TRUE
SPT446,6,Sports,General Sports,"Question 446: Which sport uses a net, racket and shuttlecock?",Badminton,Football,Cricket,Golf,A,"Badminton uses a racket, net and shuttlecock.",Easy,RMS/Sainik School GK,TRUE
SPT447,6,Sports,General Sports,"Question 447: Which sport uses a ring, gloves and rounds?",Boxing,Golf,Tennis,Swimming,A,Boxing is contested in rounds in a ring using gloves.,Easy,RMS/Sainik School GK,TRUE
SPT448,6,Sports,General Sports,Question 448: Which sport uses a course with holes?,Golf,Football,Cricket,Boxing,A,Golf is played on a course containing holes.,Easy,RMS/Sainik School GK,TRUE
SPT449,6,Sports,General Sports,Question 449: Which sport uses lanes for swimmers?,Swimming,Football,Golf,Cricket,A,Competitive swimming races are divided into lanes.,Easy,RMS/Sainik School GK,TRUE
SPT450,6,Sports,General Sports,Question 450: Which sport uses lanes for sprint races?,Athletics,Hockey,Tennis,Cricket,A,Track races are run in marked lanes where required.,Easy,RMS/Sainik School GK,TRUE
SPT451,6,Sports,General Sports,Question 451: Which sport has a net separating two teams and six players per side?,Volleyball,Basketball,Football,Cricket,A,Volleyball has six players per team on court.,Easy,RMS/Sainik School GK,TRUE
SPT452,6,Sports,General Sports,Question 452: Which sport has a hoop and a backboard?,Basketball,Football,Tennis,Golf,A,Basketball uses a hoop mounted to a backboard.,Easy,RMS/Sainik School GK,TRUE
SPT453,6,Sports,General Sports,Question 453: Which sport has a crossbar as part of the goal?,Football,Golf,Chess,Badminton,A,Football goals have two posts and a crossbar.,Easy,RMS/Sainik School GK,TRUE
SPT454,6,Sports,General Sports,Question 454: Which sport has wickets made of stumps and bails?,Cricket,Tennis,Hockey,Basketball,A,Cricket wickets consist of three stumps and two bails.,Easy,RMS/Sainik School GK,TRUE
SPT455,6,Sports,General Sports,"Question 455: Which sport uses a helmet, pads and a bat?",Cricket,Tennis,Golf,Swimming,A,Cricket batters commonly use protective helmets and pads.,Easy,RMS/Sainik School GK,TRUE
SPT456,6,Sports,General Sports,"Question 456: Which sport uses a net, racket and shuttlecock?",Badminton,Football,Cricket,Golf,A,"Badminton uses a racket, net and shuttlecock.",Easy,RMS/Sainik School GK,TRUE
SPT457,6,Sports,General Sports,"Question 457: Which sport uses a ring, gloves and rounds?",Boxing,Golf,Tennis,Swimming,A,Boxing is contested in rounds in a ring using gloves.,Easy,RMS/Sainik School GK,TRUE
SPT458,6,Sports,General Sports,Question 458: Which sport uses a course with holes?,Golf,Football,Cricket,Boxing,A,Golf is played on a course containing holes.,Easy,RMS/Sainik School GK,TRUE
SPT459,6,Sports,General Sports,Question 459: Which sport uses lanes for swimmers?,Swimming,Football,Golf,Cricket,A,Competitive swimming races are divided into lanes.,Easy,RMS/Sainik School GK,TRUE
SPT460,6,Sports,General Sports,Question 460: Which sport uses lanes for sprint races?,Athletics,Hockey,Tennis,Cricket,A,Track races are run in marked lanes where required.,Easy,RMS/Sainik School GK,TRUE
SPT461,6,Sports,General Sports,Question 461: Which sport has a net separating two teams and six players per side?,Volleyball,Basketball,Football,Cricket,A,Volleyball has six players per team on court.,Easy,RMS/Sainik School GK,TRUE
SPT462,6,Sports,General Sports,Question 462: Which sport has a hoop and a backboard?,Basketball,Football,Tennis,Golf,A,Basketball uses a hoop mounted to a backboard.,Easy,RMS/Sainik School GK,TRUE
SPT463,6,Sports,General Sports,Question 463: Which sport has a crossbar as part of the goal?,Football,Golf,Chess,Badminton,A,Football goals have two posts and a crossbar.,Easy,RMS/Sainik School GK,TRUE
SPT464,6,Sports,General Sports,Question 464: Which sport has wickets made of stumps and bails?,Cricket,Tennis,Hockey,Basketball,A,Cricket wickets consist of three stumps and two bails.,Easy,RMS/Sainik School GK,TRUE
SPT465,6,Sports,General Sports,"Question 465: Which sport uses a helmet, pads and a bat?",Cricket,Tennis,Golf,Swimming,A,Cricket batters commonly use protective helmets and pads.,Easy,RMS/Sainik School GK,TRUE
SPT466,6,Sports,General Sports,"Question 466: Which sport uses a net, racket and shuttlecock?",Badminton,Football,Cricket,Golf,A,"Badminton uses a racket, net and shuttlecock.",Easy,RMS/Sainik School GK,TRUE
SPT467,6,Sports,General Sports,"Question 467: Which sport uses a ring, gloves and rounds?",Boxing,Golf,Tennis,Swimming,A,Boxing is contested in rounds in a ring using gloves.,Easy,RMS/Sainik School GK,TRUE
SPT468,6,Sports,General Sports,Question 468: Which sport uses a course with holes?,Golf,Football,Cricket,Boxing,A,Golf is played on a course containing holes.,Easy,RMS/Sainik School GK,TRUE
SPT469,6,Sports,General Sports,Question 469: Which sport uses lanes for swimmers?,Swimming,Football,Golf,Cricket,A,Competitive swimming races are divided into lanes.,Easy,RMS/Sainik School GK,TRUE
SPT470,6,Sports,General Sports,Question 470: Which sport uses lanes for sprint races?,Athletics,Hockey,Tennis,Cricket,A,Track races are run in marked lanes where required.,Easy,RMS/Sainik School GK,TRUE
SPT471,6,Sports,General Sports,Question 471: Which sport has a net separating two teams and six players per side?,Volleyball,Basketball,Football,Cricket,A,Volleyball has six players per team on court.,Easy,RMS/Sainik School GK,TRUE
SPT472,6,Sports,General Sports,Question 472: Which sport has a hoop and a backboard?,Basketball,Football,Tennis,Golf,A,Basketball uses a hoop mounted to a backboard.,Easy,RMS/Sainik School GK,TRUE
SPT473,6,Sports,General Sports,Question 473: Which sport has a crossbar as part of the goal?,Football,Golf,Chess,Badminton,A,Football goals have two posts and a crossbar.,Easy,RMS/Sainik School GK,TRUE
SPT474,6,Sports,General Sports,Question 474: Which sport has wickets made of stumps and bails?,Cricket,Tennis,Hockey,Basketball,A,Cricket wickets consist of three stumps and two bails.,Easy,RMS/Sainik School GK,TRUE
SPT475,6,Sports,General Sports,"Question 475: Which sport uses a helmet, pads and a bat?",Cricket,Tennis,Golf,Swimming,A,Cricket batters commonly use protective helmets and pads.,Easy,RMS/Sainik School GK,TRUE
SPT476,6,Sports,General Sports,"Question 476: Which sport uses a net, racket and shuttlecock?",Badminton,Football,Cricket,Golf,A,"Badminton uses a racket, net and shuttlecock.",Easy,RMS/Sainik School GK,TRUE
SPT477,6,Sports,General Sports,"Question 477: Which sport uses a ring, gloves and rounds?",Boxing,Golf,Tennis,Swimming,A,Boxing is contested in rounds in a ring using gloves.,Easy,RMS/Sainik School GK,TRUE
SPT478,6,Sports,General Sports,Question 478: Which sport uses a course with holes?,Golf,Football,Cricket,Boxing,A,Golf is played on a course containing holes.,Easy,RMS/Sainik School GK,TRUE
SPT479,6,Sports,General Sports,Question 479: Which sport uses lanes for swimmers?,Swimming,Football,Golf,Cricket,A,Competitive swimming races are divided into lanes.,Easy,RMS/Sainik School GK,TRUE
SPT480,6,Sports,General Sports,Question 480: Which sport uses lanes for sprint races?,Athletics,Hockey,Tennis,Cricket,A,Track races are run in marked lanes where required.,Easy,RMS/Sainik School GK,TRUE
SPT481,6,Sports,General Sports,Question 481: Which sport has a net separating two teams and six players per side?,Volleyball,Basketball,Football,Cricket,A,Volleyball has six players per team on court.,Easy,RMS/Sainik School GK,TRUE
SPT482,6,Sports,General Sports,Question 482: Which sport has a hoop and a backboard?,Basketball,Football,Tennis,Golf,A,Basketball uses a hoop mounted to a backboard.,Easy,RMS/Sainik School GK,TRUE
SPT483,6,Sports,General Sports,Question 483: Which sport has a crossbar as part of the goal?,Football,Golf,Chess,Badminton,A,Football goals have two posts and a crossbar.,Easy,RMS/Sainik School GK,TRUE
SPT484,6,Sports,General Sports,Question 484: Which sport has wickets made of stumps and bails?,Cricket,Tennis,Hockey,Basketball,A,Cricket wickets consist of three stumps and two bails.,Easy,RMS/Sainik School GK,TRUE
SPT485,6,Sports,General Sports,"Question 485: Which sport uses a helmet, pads and a bat?",Cricket,Tennis,Golf,Swimming,A,Cricket batters commonly use protective helmets and pads.,Easy,RMS/Sainik School GK,TRUE
SPT486,6,Sports,General Sports,"Question 486: Which sport uses a net, racket and shuttlecock?",Badminton,Football,Cricket,Golf,A,"Badminton uses a racket, net and shuttlecock.",Easy,RMS/Sainik School GK,TRUE
SPT487,6,Sports,General Sports,"Question 487: Which sport uses a ring, gloves and rounds?",Boxing,Golf,Tennis,Swimming,A,Boxing is contested in rounds in a ring using gloves.,Easy,RMS/Sainik School GK,TRUE
SPT488,6,Sports,General Sports,Question 488: Which sport uses a course with holes?,Golf,Football,Cricket,Boxing,A,Golf is played on a course containing holes.,Easy,RMS/Sainik School GK,TRUE
SPT489,6,Sports,General Sports,Question 489: Which sport uses lanes for swimmers?,Swimming,Football,Golf,Cricket,A,Competitive swimming races are divided into lanes.,Easy,RMS/Sainik School GK,TRUE
SPT490,6,Sports,General Sports,Question 490: Which sport uses lanes for sprint races?,Athletics,Hockey,Tennis,Cricket,A,Track races are run in marked lanes where required.,Easy,RMS/Sainik School GK,TRUE
SPT491,6,Sports,General Sports,Question 491: Which sport has a net separating two teams and six players per side?,Volleyball,Basketball,Football,Cricket,A,Volleyball has six players per team on court.,Easy,RMS/Sainik School GK,TRUE
SPT492,6,Sports,General Sports,Question 492: Which sport has a hoop and a backboard?,Basketball,Football,Tennis,Golf,A,Basketball uses a hoop mounted to a backboard.,Easy,RMS/Sainik School GK,TRUE
SPT493,6,Sports,General Sports,Question 493: Which sport has a crossbar as part of the goal?,Football,Golf,Chess,Badminton,A,Football goals have two posts and a crossbar.,Easy,RMS/Sainik School GK,TRUE
SPT494,6,Sports,General Sports,Question 494: Which sport has wickets made of stumps and bails?,Cricket,Tennis,Hockey,Basketball,A,Cricket wickets consist of three stumps and two bails.,Easy,RMS/Sainik School GK,TRUE
SPT495,6,Sports,General Sports,"Question 495: Which sport uses a helmet, pads and a bat?",Cricket,Tennis,Golf,Swimming,A,Cricket batters commonly use protective helmets and pads.,Easy,RMS/Sainik School GK,TRUE
SPT496,6,Sports,General Sports,"Question 496: Which sport uses a net, racket and shuttlecock?",Badminton,Football,Cricket,Golf,A,"Badminton uses a racket, net and shuttlecock.",Easy,RMS/Sainik School GK,TRUE
SPT497,6,Sports,General Sports,"Question 497: Which sport uses a ring, gloves and rounds?",Boxing,Golf,Tennis,Swimming,A,Boxing is contested in rounds in a ring using gloves.,Easy,RMS/Sainik School GK,TRUE
SPT498,6,Sports,General Sports,Question 498: Which sport uses a course with holes?,Golf,Football,Cricket,Boxing,A,Golf is played on a course containing holes.,Easy,RMS/Sainik School GK,TRUE
SPT499,6,Sports,General Sports,Question 499: Which sport uses lanes for swimmers?,Swimming,Football,Golf,Cricket,A,Competitive swimming races are divided into lanes.,Easy,RMS/Sainik School GK,TRUE
SPT500,6,Sports,General Sports,Question 500: Which sport uses lanes for sprint races?,Athletics,Hockey,Tennis,Cricket,A,Track races are run in marked lanes where required.,Easy,RMS/Sainik School GK,TRUE
SPT501,6,Sports,Olympics,Where were the first modern Olympic Games held in 1896?,"Athens, Greece","Paris, France","London, UK","Rome, Italy",A,"The modern Olympic Games were revived in Athens, Greece in 1896.",Easy,RMS/Sainik Prep,True
SPT502,6,Sports,Olympics,How many rings are there on the official Olympic flag?,5,6,4,7,A,The 5 interlocking rings represent the five inhabited continents of the world.,Easy,RMS/Sainik Prep,True
SPT503,6,Sports,Olympics,Which color ring on the Olympic flag represents Asia?,Yellow,Blue,Black,Green,A,"Yellow represents Asia, Blue Europe, Black Africa, Green Oceania, Red Americas.",Medium,RMS/Sainik Prep,True
SPT504,6,Sports,Olympics,Who was the first Indian individual Olympic gold medalist?,Abhinav Bindra,Neeraj Chopra,KD Jadhav,Milkha Singh,A,Abhinav Bindra won gold in 10m Air Rifle shooting at the 2008 Beijing Olympics.,Easy,RMS/Sainik Prep,True
SPT505,6,Sports,Olympics,Neeraj Chopra won an Olympic gold medal for India in which athletic event?,Javelin Throw,Shot Put,Long Jump,100m Sprint,A,Neeraj Chopra won gold in Javelin Throw at the Tokyo 2020 Olympics with a 87.58m throw.,Easy,RMS/Sainik Prep,True
SPT506,6,Sports,Olympics,Who was the first Indian woman to win an Olympic medal?,Karnam Malleswari,PV Sindhu,MC Mary Kom,Saina Nehwal,A,Karnam Malleswari won a Bronze in weightlifting at the 2000 Sydney Olympics.,Medium,RMS/Sainik Prep,True
SPT507,6,Sports,Olympics,Which city hosted the 2024 Summer Olympic Games?,Paris,Tokyo,London,Los Angeles,A,"Paris, France hosted the 2024 Summer Olympics.",Easy,RMS/Sainik Prep,True
SPT508,6,Sports,Olympics,In which year did India win its first Olympic gold medal in field hockey?,1928,1936,1948,1952,A,India won its first Olympic gold in men's hockey at the 1928 Amsterdam Olympics.,Medium,RMS/Sainik Prep,True
SPT509,6,Sports,Olympics,Who is the most decorated Olympic athlete of all time with 28 medals?,Michael Phelps,Usain Bolt,Carl Lewis,Larisa Latynina,A,American swimmer Michael Phelps holds the record with 28 total Olympic medals (23 gold).,Easy,RMS/Sainik Prep,True
SPT510,6,Sports,Olympics,"Usain Bolt, the famous sprinter, belongs to which country?",Jamaica,USA,Kenya,Great Britain,A,Usain Bolt is a legendary sprinter from Jamaica.,Easy,RMS/Sainik Prep,True
SPT511,6,Sports,Olympics,Where were the first Asian Games held in 1951?,"New Delhi, India","Tokyo, Japan","Bangkok, Thailand","Jakarta, Indonesia",A,"The inaugural Asian Games were hosted in New Delhi, India in 1951.",Medium,RMS/Sainik Prep,True
SPT512,6,Sports,Olympics,Where were the 2022 Commonwealth Games held?,"Birmingham, UK","Gold Coast, Australia","Delhi, India","Glasgow, Scotland",A,"The 2022 Commonwealth Games took place in Birmingham, England.",Easy,RMS/Sainik Prep,True
SPT513,6,Sports,General Sports,What is the National Sport of India?,Field Hockey (De Facto),Cricket,Kabaddi,Football,A,Field Hockey is widely recognized as India's national sport (though official status is de facto).,Easy,RMS/Sainik Prep,True
SPT514,6,Sports,General Sports,What is the national sport of Japan?,Sumo Wrestling,Judo,Karate,Baseball,A,Sumo wrestling is traditional and officially recognized as Japan's national sport.,Medium,RMS/Sainik Prep,True
SPT515,6,Sports,General Sports,What is the national sport of the United States?,Baseball,American Football,Basketball,Ice Hockey,A,Baseball is historically known as America's national pastime.,Easy,RMS/Sainik Prep,True
SPT516,6,Sports,General Sports,Bullfighting is the traditional national sport of which country?,Spain,Mexico,Portugal,Brazil,A,Bullfighting (Corrida de toros) is a traditional spectacle in Spain.,Easy,RMS/Sainik Prep,True
SPT517,6,Sports,Olympics,How often are the Summer Olympic Games celebrated?,Every 4 years,Every 2 years,Every 5 years,Every 3 years,A,Summer Olympics are held quadrennially (every 4 years).,Easy,RMS/Sainik Prep,True
SPT518,6,Sports,Olympics,PV Sindhu is associated with which sport?,Badminton,Table Tennis,Tennis,Squash,A,PV Sindhu is a world champion and two-time Olympic medalist in Badminton.,Easy,RMS/Sainik Prep,True
SPT519,6,Sports,Olympics,Mary Kom is a famous Indian athlete in which sport?,Boxing,Wrestling,Weightlifting,Archery,A,MC Mary Kom is a six-time World Amateur Boxing champion.,Easy,RMS/Sainik Prep,True
SPT520,6,Sports,Olympics,Saina Nehwal won an Olympic bronze medal for India in which sport?,Badminton,Tennis,Shooting,Archery,A,Saina Nehwal won Bronze in Badminton at the London 2012 Olympics.,Easy,RMS/Sainik Prep,True
SPT521,6,Sports,Cricket,Who is known as the 'God of Cricket' in India?,Sachin Tendulkar,MS Dhoni,Virat Kohli,Kapil Dev,A,Sachin Tendulkar is revered as the God of Cricket for his immense records.,Easy,RMS/Sainik Prep,True
SPT522,6,Sports,Cricket,In which year did India win its first Cricket World Cup under Kapil Dev?,1983,2011,1975,1992,A,India defeated West Indies at Lord's in 1983 to win its first ODI World Cup.,Easy,RMS/Sainik Prep,True
SPT523,6,Sports,Cricket,Under whose captaincy did India win the 2011 ICC Cricket World Cup?,Mahendra Singh Dhoni,Rahul Dravid,Sourav Ganguly,Virat Kohli,A,MS Dhoni led India to victory in 2011 hitting the winning six.,Easy,RMS/Sainik Prep,True
SPT524,6,Sports,Cricket,What is the maximum number of overs in a standard One Day International (ODI) match per side?,50 overs,20 overs,40 overs,60 overs,A,Standard ODI matches consist of 50 overs per inning.,Easy,RMS/Sainik Prep,True
SPT525,6,Sports,Cricket,How many players are on the field for one team in a cricket match?,11 players,10 players,12 players,9 players,A,A cricket team fields 11 players.,Easy,RMS/Sainik Prep,True
SPT526,6,Sports,Cricket,What is the length of a standard cricket pitch between the two wickets?,22 yards (66 feet),20 yards,24 yards,18 yards,A,The pitch distance between wickets is exactly 22 yards.,Medium,RMS/Sainik Prep,True
SPT527,6,Sports,Cricket,Which famous trophy is contested in a Test cricket series between England and Australia?,The Ashes,Border-Gavaskar Trophy,Ranji Trophy,Wisden Trophy,A,The Ashes is a historic biennial Test series played between Australia and England.,Medium,RMS/Sainik Prep,True
SPT528,6,Sports,Cricket,What is the domestic first-class cricket tournament in India named after?,Ranji Trophy (KS Ranjitsinhji),Vijay Hazare Trophy,Duleep Trophy,Deodhar Trophy,A,"Ranji Trophy is named after Maharaja KS Ranjitsinhji, the first Indian to play international cricket.",Medium,RMS/Sainik Prep,True
SPT529,6,Sports,Cricket,Who holds the record for the highest individual score (400 not out) in a Test match inning?,Brian Lara,Sachin Tendulkar,Don Bradman,Virender Sehwag,A,Brian Lara scored 400* for West Indies against England in 2004.,Medium,RMS/Sainik Prep,True
SPT530,6,Sports,Cricket,Who was the first batsman to score a double century (200) in an ODI match?,Sachin Tendulkar,Virender Sehwag,Rohit Sharma,Chris Gayle,A,Sachin Tendulkar scored 200* against South Africa at Gwalior in 2010.,Medium,RMS/Sainik Prep,True
SPT531,6,Sports,Cricket,Which bowler has taken the maximum number of wickets in Test cricket history (800 wickets)?,Muttiah Muralitharan,Shane Warne,Anil Kumble,James Anderson,A,Muttiah Muralitharan of Sri Lanka took 800 Test wickets.,Medium,RMS/Sainik Prep,True
SPT532,6,Sports,Cricket,Who is nicknamed 'The Wall' in Indian cricket?,Rahul Dravid,VVS Laxman,Cheteshwar Pujara,Sunil Gavaskar,A,Rahul Dravid earned the nickname 'The Wall' for his solid batting defense.,Easy,RMS/Sainik Prep,True
SPT533,6,Sports,Cricket,What term is used in cricket when a bowler takes three wickets on three consecutive balls?,Hat-trick,Triple Strike,Maiden Over,Clean Sweep,A,Dismissing three batters in three consecutive deliveries is a hat-trick.,Easy,RMS/Sainik Prep,True
SPT534,6,Sports,Cricket,What does LBW stand for in cricket?,Leg Before Wicket,Leg Behind Wicket,Long Ball Wide,Line Before Wicket,A,LBW is one of the methods of dismissing a batter.,Easy,RMS/Sainik Prep,True
SPT535,6,Sports,Cricket,Where is the headquarters of the International Cricket Council (ICC)?,"Dubai, UAE","London, UK","Melbourne, Australia","Mumbai, India",A,ICC moved its headquarters from London to Dubai in 2005.,Medium,RMS/Sainik Prep,True
SPT536,6,Sports,Cricket,Which stadium in Ahmedabad is the world's largest cricket stadium?,Narendra Modi Stadium,Melbourne Cricket Ground,Eden Gardens,Lord's,A,"Narendra Modi Stadium at Motera, Ahmedabad seats 132,000 spectators.",Easy,RMS/Sainik Prep,True
SPT537,6,Sports,Cricket,Who won the inaugural ICC T20 World Cup in 2007?,India,Pakistan,Australia,West Indies,A,India defeated Pakistan in the final at Johannesburg under MS Dhoni.,Easy,RMS/Sainik Prep,True
SPT538,6,Sports,Cricket,Which term is NOT used in cricket?,Offside (Soccer rule),No Ball,Silky Cover Drive,Stumping,A,"Offside trap is a rule in Football, not cricket.",Easy,RMS/Sainik Prep,True
SPT539,6,Sports,Cricket,How many runs are awarded if a hit ball crosses the boundary without touching the ground?,6 runs,4 runs,5 runs,2 runs,A,A ball hit directly over the boundary rope scores 6 runs.,Easy,RMS/Sainik Prep,True
SPT540,6,Sports,Cricket,Who is the only batsman to score three double centuries in ODI cricket?,Rohit Sharma,Sachin Tendulkar,Virat Kohli,Martin Guptill,A,"Rohit Sharma has scored 209, 264, and 208* in ODIs.",Medium,RMS/Sainik Prep,True
SPT541,6,Sports,Football,Which country has won the FIFA World Cup the most number of times (5 times)?,Brazil,Germany,Italy,Argentina,A,"Brazil has won FIFA World Cup titles in 1958, 1962, 1970, 1994, 2002.",Easy,RMS/Sainik Prep,True
SPT542,6,Sports,Football,Who led Argentina to win the FIFA World Cup 2022 in Qatar?,Lionel Messi,Diego Maradona,Cristiano Ronaldo,Kylian Mbappé,A,Lionel Messi captained Argentina to victory in the 2022 FIFA World Cup.,Easy,RMS/Sainik Prep,True
SPT543,6,Sports,Football,Which nation won the first FIFA World Cup held in 1930?,Uruguay,Argentina,Brazil,Italy,A,Host nation Uruguay won the first FIFA World Cup beating Argentina 4-2.,Medium,RMS/Sainik Prep,True
SPT544,6,Sports,Football,How many players are on the field for one team during a football (soccer) match?,11 players,10 players,12 players,9 players,A,Each football team fields 11 players including a goalkeeper.,Easy,RMS/Sainik Prep,True
SPT545,6,Sports,Football,What is the duration of a standard adult football match (excluding extra time)?,90 minutes (two 45-min halves),80 minutes,60 minutes,100 minutes,A,A regular football match consists of two 45-minute halves.,Easy,RMS/Sainik Prep,True
SPT546,6,Sports,Football,Famous football legend Pelé belonged to which country?,Brazil,Argentina,Portugal,Spain,A,"Pelé, nicknamed 'O Rei' (The King), was a Brazilian football icon.",Easy,RMS/Sainik Prep,True
SPT547,6,Sports,Football,Which award is presented annually to the world's best football player by France Football?,Ballon d'Or,Golden Boot,Golden Glove,FIFA Fair Play Award,A,Ballon d'Or is the most prestigious individual football award.,Medium,RMS/Sainik Prep,True
SPT548,6,Sports,Football,Cristiano Ronaldo belongs to which national football team?,Portugal,Spain,Brazil,Italy,A,Cristiano Ronaldo is the captain and leading scorer for Portugal.,Easy,RMS/Sainik Prep,True
SPT549,6,Sports,Football,"In football, what color card signifies a player is sent off/dismissed from the game?",Red Card,Yellow Card,Green Card,Blue Card,A,A red card results in immediate ejection from the field.,Easy,RMS/Sainik Prep,True
SPT550,6,Sports,Football,What body part (other than goalkeeper in penalty area) CANNOT touch the ball during football play?,Hands and Arms,Head,Chest,Knees,A,Handling the ball with hands/arms is an infraction for outfield players.,Easy,RMS/Sainik Prep,True
SPT551,6,Sports,Football,Which country hosted the 2018 FIFA World Cup?,Russia,Brazil,Qatar,South Africa,A,Russia hosted the 2018 FIFA World Cup tournament.,Medium,RMS/Sainik Prep,True
SPT552,6,Sports,Football,Sunil Chhetri is a renowned captain of the Indian national team in which sport?,Football,Hockey,Cricket,Basketball,A,Sunil Chhetri is India's highest international goalscorer in football.,Easy,RMS/Sainik Prep,True
SPT553,6,Sports,Football,Where is the governing body FIFA headquartered?,"Zurich, Switzerland","Paris, France","Geneva, Switzerland","Lausanne, Switzerland",A,FIFA (Fédération Internationale de Football Association) is based in Zurich.,Medium,RMS/Sainik Prep,True
SPT554,6,Sports,Football,What term describes scoring three goals by a single player in a match?,Hat-trick,Brace,Touchdown,Clean Sheet,A,Scoring 3 goals in a single game is called a hat-trick.,Easy,RMS/Sainik Prep,True
SPT555,6,Sports,Football,"Durand Cup is the oldest existing football tournament in Asia, held in which country?",India,Japan,South Korea,China,A,"Durand Cup was first held in 1888 in Shimla, India.",Medium,RMS/Sainik Prep,True
SPT556,6,Sports,Badminton,What is the object hit back and forth across the net in badminton called?,Shuttlecock (Birdie),Ball,Puck,Disc,A,Badminton is played using rackets to hit a shuttlecock.,Easy,RMS/Sainik Prep,True
SPT557,6,Sports,Badminton,How many points are needed to win a standard game in modern badminton?,21 points,15 points,25 points,11 points,A,A standard badminton game is played to 21 points.,Easy,RMS/Sainik Prep,True
SPT558,6,Sports,Badminton,Which country won the historic Thomas Cup (World Men's Team Championship) in 2022 for the first time?,India,Indonesia,China,Malaysia,A,India defeated 14-time champions Indonesia to win Thomas Cup 2022.,Hard,RMS/Sainik Prep,True
SPT559,6,Sports,Badminton,Chirag Shetty and Satwiksairaj Rankireddy are famous Indian players in which sport?,Badminton (Doubles),Tennis,Table Tennis,Squash,A,They are India's premier men's doubles badminton pair.,Medium,RMS/Sainik Prep,True
SPT560,6,Sports,Tennis,Which Grand Slam tennis tournament is played on grass courts?,Wimbledon,French Open,US Open,Australian Open,A,Wimbledon in London is played on natural grass courts.,Easy,RMS/Sainik Prep,True
SPT561,6,Sports,Tennis,Which Grand Slam tennis tournament is played on red clay courts?,French Open (Roland Garros),Wimbledon,US Open,Australian Open,A,French Open in Paris is famous for its clay court surface.,Easy,RMS/Sainik Prep,True
SPT562,6,Sports,Tennis,How many Grand Slam tournaments are there in a calendar year for Tennis?,4,3,5,6,A,"The 4 Grand Slams: Australian Open, French Open, Wimbledon, US Open.",Easy,RMS/Sainik Prep,True
SPT563,6,Sports,Tennis,Who has won the maximum number of Men's Singles Grand Slam titles?,Novak Djokovic,Rafael Nadal,Roger Federer,Pete Sampras,A,Novak Djokovic holds the record for most Grand Slam men's singles titles.,Medium,RMS/Sainik Prep,True
SPT564,6,Sports,Tennis,Rafael Nadal is famously nicknamed 'The King of ______'.,Clay,Grass,Hard Court,Carpet,A,Rafael Nadal won 14 French Open titles on clay court.,Medium,RMS/Sainik Prep,True
SPT565,6,Sports,Tennis,Sania Mirza is a famous retired Indian sports personality in which sport?,Tennis,Badminton,Table Tennis,Squash,A,Sania Mirza is a former world No. 1 in doubles Tennis.,Easy,RMS/Sainik Prep,True
SPT566,6,Sports,Tennis,Rohan Bopanna won his first men's doubles Grand Slam title at Australian Open 2024 in which sport?,Tennis,Badminton,Squash,Polo,A,Rohan Bopanna won the 2024 Australian Open Men's Doubles title.,Medium,RMS/Sainik Prep,True
SPT567,6,Sports,Hockey,Who is known as the 'Wizard of Hockey' in India?,Major Dhyan Chand,Balbir Singh Sr.,Dhanraj Pillay,PR Sreejesh,A,Major Dhyan Chand's ball control earned him the title Wizard of Hockey.,Easy,RMS/Sainik Prep,True
SPT568,6,Sports,Hockey,National Sports Day in India (29th August) is celebrated on the birthday of which legend?,Major Dhyan Chand,Milkha Singh,K.D. Jadhav,Kapil Dev,A,29th August marks the birth anniversary of Major Dhyan Chand.,Easy,RMS/Sainik Prep,True
SPT569,6,Sports,Hockey,How many players are on the field for one team in a Field Hockey match?,11 players,9 players,10 players,6 players,A,Field hockey teams consist of 11 players including goalkeeper.,Easy,RMS/Sainik Prep,True
SPT570,6,Sports,Hockey,"In field hockey, what is awarded for a major foul inside the shooting circle?",Penalty Corner / Penalty Stroke,Free Kick,Penalty Shootout,Corner Kick,A,Penalty corners are awarded for defenders' fouls inside the D-circle.,Medium,RMS/Sainik Prep,True
SPT571,6,Sports,Hockey,Which city hosted the Men's FIH Hockey World Cup in 2023 in India?,Bhubaneswar and Rourkela,New Delhi,Mumbai,Chandigarh,A,Odisha hosted the 2023 FIH Men's World Cup across Bhubaneswar & Rourkela.,Medium,RMS/Sainik Prep,True
SPT572,6,Sports,Hockey,PR Sreejesh is an Indian sports icon associated with which position in Hockey?,Goalkeeper,Forward,Midfielder,Defender,A,PR Sreejesh is India's veteran star goalkeeper.,Medium,RMS/Sainik Prep,True
SPT573,6,Sports,Hockey,What is the duration of a standard international field hockey match?,60 minutes (four 15-min quarters),70 minutes,80 minutes,90 minutes,A,FIH matches are played in four 15-minute quarters (60 min total).,Medium,RMS/Sainik Prep,True
SPT574,6,Sports,General Sports,Table Tennis is also popularly known by which name?,Ping-Pong,Whiff-Whaff,Paddle Ball,Smash,A,Ping-Pong is a widely recognized trademark/synonym for Table Tennis.,Easy,RMS/Sainik Prep,True
SPT575,6,Sports,General Sports,Sharath Kamal and Manika Batra are top Indian athletes in which sport?,Table Tennis,Badminton,Lawn Tennis,Squash,A,Both are Commonwealth Games gold medalists in Table Tennis.,Medium,RMS/Sainik Prep,True
SPT576,6,Sports,Sports Terminology,The term 'Butterfly Stroke' is associated with which sport?,Swimming,Rowing,Diving,Gymnastics,A,Butterfly is one of the four main swimming stroke styles.,Easy,RMS/Sainik Prep,True
SPT577,6,Sports,Sports Terminology,The term 'Checkmate' is used in which game?,Chess,Carrom,Billiards,Drafts,A,Checkmate ends a game of chess when the king cannot escape capture.,Easy,RMS/Sainik Prep,True
SPT578,6,Sports,Sports Terminology,How many squares are on a standard Chessboard?,64 squares (8x8 grid),32 squares,100 squares,81 squares,A,A chessboard has 64 alternating dark and light squares.,Easy,RMS/Sainik Prep,True
SPT579,6,Sports,Sports Terminology,Who became India's youngest Chess Grandmaster and World Championship challenger in 2024?,D. Gukesh,R. Praggnanandhaa,Viswanathan Anand,Arjun Erigaisi,A,Dommaraju Gukesh won the Candidates Tournament 2024 at age 17.,Medium,RMS/Sainik Prep,True
SPT580,6,Sports,Sports Terminology,Who was the first Chess Grandmaster of India?,Viswanathan Anand,Dibyendu Barua,P. Harikrishna,Vidit Gujrathi,A,Viswanathan Anand became India's first GM in 1988 and 5-time World Champion.,Easy,RMS/Sainik Prep,True
SPT581,6,Sports,Sports Terminology,The term 'Knockout' is used in which sport?,Boxing,Swimming,Basketball,Archery,A,A knockout (KO) occurs when a fighter cannot rise before count of 10.,Easy,RMS/Sainik Prep,True
SPT582,6,Sports,Sports Terminology,The term 'Deuce' is used in which sports?,Tennis and Badminton,Football and Cricket,Hockey and Golf,Polo and Swimming,A,Deuce indicates a 40-40 tie in tennis or 20-20 tie in badminton.,Easy,RMS/Sainik Prep,True
SPT583,6,Sports,Sports Terminology,"The terms 'Bogey', 'Birdie', and 'Eagle' are associated with which sport?",Golf,Billiards,Baseball,Bowling,A,These terms denote scores relative to par on a golf hole.,Medium,RMS/Sainik Prep,True
SPT584,6,Sports,Sports Terminology,The term 'Dunk' or 'Slam Dunk' is used in which sport?,Basketball,Volleyball,Handball,Netball,A,A dunk shot occurs when a player jumps and puts ball directly through hoop.,Easy,RMS/Sainik Prep,True
SPT585,6,Sports,Sports Terminology,How many players are in a Basketball team on the court?,5 players,6 players,7 players,11 players,A,Five players per team play on the basketball court simultaneously.,Easy,RMS/Sainik Prep,True
SPT586,6,Sports,Sports Terminology,How many players are on the court for one team in Volleyball?,6 players,5 players,7 players,11 players,A,A volleyball team fields 6 players on court.,Easy,RMS/Sainik Prep,True
SPT587,6,Sports,Sports Terminology,Which indigenous Indian game involves raiding into defender territory while chanting 'Kabaddi'?,Kabaddi,Kho-Kho,Atya Patya,Gillidanda,A,Kabaddi requires raiders to tag opponents holding their breath.,Easy,RMS/Sainik Prep,True
SPT588,6,Sports,Sports Terminology,How many players are on the field for one team in a game of Kho-Kho?,9 players,7 players,11 players,12 players,A,A Kho-Kho team fields 9 active chasing/defending players.,Medium,RMS/Sainik Prep,True
SPT589,6,Sports,Sports Terminology,Milkha Singh was famously known by which nickname?,The Flying Sikh,Payyoli Express,Rawalpindi Express,Turbanator,A,Milkha Singh earned 'The Flying Sikh' nickname after defeating Abdul Khaliq in Pakistan.,Easy,RMS/Sainik Prep,True
SPT590,6,Sports,Sports Terminology,PT Usha is famously known as the ______.,Payyoli Express,Flying Sikh,Golden Girl of Haryana,Dhing Express,A,PT Usha is nicknamed 'Payyoli Express' after her birthplace in Kerala.,Easy,RMS/Sainik Prep,True
SPT591,6,Sports,Sports Terminology,"Hima Das, the Indian sprinter, is nicknamed ______.",Dhing Express,Payyoli Express,Speedy Queen,Assam Bullet,A,Hima Das is affectionately called the Dhing Express from Assam.,Easy,RMS/Sainik Prep,True
SPT592,6,Sports,Sports Terminology,Bhakti Sharma and Arati Saha are renowned for achievements in which sport?,Swimming,Mountaineering,Shooting,Archery,A,Arati Saha was the first Asian woman to swim across the English Channel (1959).,Medium,RMS/Sainik Prep,True
SPT593,6,Sports,Sports Terminology,Bachendri Pal is famous for being the first Indian woman to ______.,Scale Mount Everest,Win Olympic Medal,Fly a Fighter Jet,Swim the English Channel,A,"Bachendri Pal reached the summit of Mt Everest on May 23, 1984.",Easy,RMS/Sainik Prep,True
SPT594,6,Sports,Sports Terminology,Deepika Kumari is a world-class athlete representing India in which sport?,Archery,Shooting,Fencing,Athletics,A,Deepika Kumari is a former world number one archer.,Easy,RMS/Sainik Prep,True
SPT595,6,Sports,Sports Terminology,Manu Bhaker won two bronze medals for India at Paris 2024 Olympics in which sport?,Shooting,Archery,Wrestling,Weightlifting,A,Manu Bhaker made history winning 2 Olympic medals in 10m air pistol shooting events.,Easy,RMS/Sainik Prep,True
SPT596,6,Sports,Sports Terminology,Pankaj Advani is a world champion for India in which sport?,Billiards and Snooker,Golf,Chess,Shooting,A,Pankaj Advani has won over 25 World Championship titles in Cue Sports.,Medium,RMS/Sainik Prep,True
SPT597,6,Sports,Sports Terminology,The term 'Bullseye' is used in which sports?,Archery and Shooting,Darts and Bowling,Polo and Golf,Fencing and Judo,A,Bullseye is the center hit mark in targeting sports.,Easy,RMS/Sainik Prep,True
SPT598,6,Sports,Sports Terminology,Deepa Malik is famous for being the first Indian woman to win a medal in ______.,Paralympic Games,Winter Olympics,Commonwealth Games,Asian Games,A,Deepa Malik won a silver medal in Shot Put at 2016 Rio Paralympic Games.,Medium,RMS/Sainik Prep,True
SPT599,6,Sports,Sports Terminology,How many players are on the field in a Polo team?,4 players,6 players,7 players,11 players,A,An outdoor polo team consists of 4 players on horseback.,Hard,RMS/Sainik Prep,True
SPT600,6,Sports,Sports Terminology,Satendra Singh Lohiya and Sumit Antil are prominent Indian athletes in ______.,Para-Sports (Swimming / Javelin),Cricket,Ice Hockey,Badminton,A,Sumit Antil won Paralympic Gold in Javelin throw with world record.,Medium,RMS/Sainik Prep,True
